driverStandingsId,raceId,driverId,points,position,positionText,wins
1,18,1,10.0,1,1,1
4,18,4,5.0,4,4,0
8,18,8,1.0,8,8,0
9,19,1,14.0,1,1,1
12,19,4,6.0,7,7,0
16,19,8,11.0,2,2,1
17,19,9,8.0,5,5,0
27,20,1,14.0,3,3,1
30,20,4,6.0,9,9,0
34,20,8,19.0,1,1,1
35,20,9,14.0,4,4,0
48,21,1,20.0,2,2,1
51,21,4,6.0,10,10,0
55,21,8,29.0,1,1,2
56,21,9,19.0,3,3,0
69,22,1,28.0,3,3,1
72,22,4,9.0,8,8,0
76,22,8,35.0,1,1,2
77,22,9,24.0,4,4,0
90,22,20,0.0,22,22,0
91,23,1,38.0,1,1,2
94,23,4,9.0,8,8,0
98,23,8,35.0,2,2,2
99,23,9,32.0,4,4,0
112,23,20,4.0,12,12,0
113,24,1,38.0,2,2,2
116,24,4,9.0,9,9,0
120,24,8,35.0,4,4,2
121,24,9,42.0,1,1,1
134,24,20,5.0,14,14,0
135,25,1,38.0,4,4,2
138,25,4,10.0,9,9,0
142,25,8,43.0,3,3,2
143,25,9,46.0,2,2,1
156,25,20,5.0,14,14,0
157,26,1,48.0,1,1,3
160,26,4,13.0,9,9,0
164,26,8,48.0,3,3,2
165,26,9,46.0,4,4,1
178,26,20,5.0,15,15,0
179,27,1,58.0,1,1,4
182,27,4,13.0,9,9,0
186,27,8,51.0,3,3,2
187,27,9,48.0,4,4,1
200,27,20,6.0,15,15,0
201,28,1,62.0,1,1,4
204,28,4,18.0,8,8,0
208,28,8,57.0,2,2,2
209,28,9,49.0,4,4,1
222,28,20,6.0,16,16,0
223,29,1,70.0,1,1,4
226,29,4,18.0,8,8,0
230,29,8,57.0,3,3,2
231,29,9,55.0,4,4,1
244,29,20,9.0,14,14,0
245,30,1,76.0,1,1,4
248,30,4,23.0,8,8,0
252,30,8,57.0,4,4,2
253,30,9,58.0,3,3,1
266,30,20,13.0,12,12,0
267,31,1,78.0,1,1,4
270,31,4,28.0,7,7,0
274,31,8,57.0,4,4,2
275,31,9,64.0,3,3,1
288,31,20,23.0,9,9,1
289,32,1,84.0,1,1,4
292,32,4,38.0,7,7,1
296,32,8,57.0,4,4,2
297,32,9,64.0,3,3,1
310,32,20,27.0,8,8,1
311,33,1,84.0,1,1,4
314,33,4,48.0,7,7,2
318,33,8,63.0,4,4,2
319,33,9,72.0,3,3,1
332,33,20,30.0,8,8,1
3459,34,20,30.0,8,8,1
3446,34,9,75.0,3,3,1
3445,34,8,69.0,4,4,2
3441,34,4,53.0,6,6,2
3438,34,1,94.0,1,1,5
355,35,1,98.0,1,1,5
358,35,4,61.0,5,5,2
362,35,8,75.0,3,3,2
363,35,9,75.0,4,4,1
376,35,20,35.0,8,8,1
13649,37,9,0.0,20,20,0
13669,38,9,3.0,8,8,0
13652,38,1,22.0,3,3,0
13651,38,4,22.0,1,1,1
13650,38,8,22.0,2,2,1
13690,39,9,8.0,6,6,0
13712,40,9,12.0,7,7,0
13734,41,9,12.0,7,7,0
13716,41,4,40.0,2,2,2
13759,42,20,1.0,16,16,0
13756,42,9,12.0,7,7,0
13738,42,4,48.0,2,2,2
13782,43,20,1.0,17,17,0
13779,43,9,17.0,6,6,0
13761,43,4,50.0,2,2,2
13805,44,20,1.0,17,17,0
13802,44,9,22.0,6,6,0
13784,44,4,58.0,2,2,2
13828,45,20,1.0,17,17,0
13825,45,9,24.0,6,6,0
13851,46,20,1.0,17,17,0
13848,46,9,28.0,6,6,0
13830,46,4,73.0,2,2,3
13874,47,20,1.0,17,17,0
13871,47,9,29.0,6,6,0
13853,47,4,79.0,2,2,3
13898,48,20,1.0,17,17,0
13895,48,9,33.0,6,6,0
13877,48,4,89.0,2,2,4
13922,49,20,1.0,17,17,0
13919,49,9,33.0,6,6,0
13901,49,4,95.0,2,2,4
13946,50,20,1.0,18,18,0
13943,50,9,35.0,6,6,0
13925,50,4,95.0,2,2,4
13970,51,20,6.0,14,14,0
13967,51,9,35.0,6,6,0
13949,51,4,103.0,2,2,4
13972,52,8,110.0,1,1,6
13994,52,20,6.0,14,14,0
13991,52,9,39.0,6,6,0
13973,52,4,109.0,3,3,4
12809,53,8,6.0,3,3,0
12807,53,4,10.0,1,1,1
12827,54,8,6.0,6,6,0
12825,54,4,18.0,1,1,1
12848,55,8,14.0,3,3,0
12846,55,4,28.0,1,1,2
12870,56,8,18.0,3,3,0
12868,56,4,36.0,1,1,2
12892,57,8,23.0,3,3,0
12890,57,4,44.0,1,1,2
12914,58,8,27.0,3,3,0
12912,58,4,54.0,1,1,3
12936,59,8,27.0,4,4,0
12934,59,4,64.0,1,1,4
12959,60,8,33.0,3,3,0
12957,60,4,74.0,1,1,5
12982,61,8,39.0,3,3,0
12980,61,4,84.0,1,1,6
13005,62,8,39.0,4,4,0
13003,62,4,88.0,1,1,6
13028,63,8,43.0,4,4,0
13026,63,4,96.0,1,1,6
13052,64,8,49.0,5,5,0
13050,64,4,100.0,1,1,6
13076,65,8,49.0,5,5,0
13074,65,4,100.0,1,1,6
13122,66,9,0.0,23,23,0
13100,66,8,49.0,5,5,0
13098,66,4,108.0,1,1,6
13147,67,9,6.0,15,15,0
13125,67,8,57.0,5,5,0
13123,67,4,108.0,1,1,6
13172,68,9,6.0,16,16,0
13150,68,8,57.0,5,5,0
13148,68,4,116.0,2,2,6
13199,69,9,6.0,16,16,0
13177,69,8,61.0,5,5,0
13175,69,4,126.0,1,1,7
13226,70,9,6.0,16,16,0
13204,70,8,65.0,5,5,0
13202,70,4,134.0,1,1,7
1198,71,4,6.0,3,3,0
1203,71,8,1.0,8,8,0
1213,72,4,16.0,1,1,1
1218,72,8,1.0,12,12,0
3794,73,8,7.0,8,8,0
3789,73,4,26.0,1,1,2
3813,74,8,7.0,11,11,0
3808,74,4,36.0,1,1,3
64325,75,8,17.0,3,3,1
64320,75,4,44.0,1,1,3
1292,76,4,49.0,1,1,3
1297,76,8,27.0,2,2,2
1313,77,4,59.0,1,1,4
1318,77,8,27.0,2,2,2
3834,78,8,37.0,2,2,3
3829,78,4,59.0,1,1,4
3509,79,8,37.0,2,2,3
3504,79,4,59.0,1,1,4
1382,80,4,69.0,1,1,5
1387,80,8,45.0,2,2,3
1405,81,4,77.0,1,1,5
1410,81,8,51.0,2,2,3
1428,82,4,87.0,1,1,6
1433,82,8,51.0,2,2,3
1452,83,4,87.0,1,1,6
1457,83,8,61.0,2,2,4
1476,84,4,95.0,1,1,6
1481,84,8,71.0,2,2,5
1500,85,4,103.0,1,1,6
1505,85,8,76.0,2,2,5
1525,86,4,111.0,1,1,6
1530,86,8,86.0,2,2,6
1550,87,4,117.0,1,1,6
1555,87,8,94.0,2,2,6
1575,88,4,123.0,1,1,6
1580,88,8,104.0,2,2,7
1600,89,4,133.0,1,1,7
1605,89,8,112.0,2,2,7
12424,90,4,6.0,3,3,0
12438,91,4,8.0,5,5,0
12455,92,4,11.0,5,5,0
12491,93,8,1.0,12,12,0
12474,93,4,16.0,5,5,0
12511,94,8,1.0,12,12,0
12494,94,4,21.0,4,4,0
12531,95,8,1.0,15,15,0
12514,95,4,21.0,6,6,0
12551,96,8,1.0,16,16,0
12534,96,4,25.0,5,5,0
12571,97,8,5.0,12,12,0
12554,97,4,25.0,5,5,0
12592,98,8,8.0,11,11,0
12575,98,4,25.0,5,5,0
12613,99,8,10.0,11,11,0
12596,99,4,33.0,5,5,0
12635,100,8,18.0,7,7,0
12618,100,4,33.0,5,5,0
12657,101,8,18.0,8,8,0
12640,101,4,39.0,5,5,0
12680,102,8,18.0,8,8,0
12663,102,4,45.0,5,5,0
12703,103,8,28.0,7,7,1
12686,103,4,45.0,5,5,0
12727,104,8,28.0,7,7,1
12710,104,4,45.0,5,5,0
12751,105,8,34.0,7,7,1
12734,105,4,50.0,4,4,0
12776,106,8,37.0,7,7,1
12759,106,4,54.0,4,4,0
12801,107,8,45.0,7,7,1
12784,107,4,59.0,4,4,0
12114,108,4,2.0,7,7,0
12110,108,8,6.0,3,3,0
12125,109,4,8.0,5,5,0
12121,109,8,16.0,1,1,1
12140,110,4,14.0,3,3,0
12136,110,8,24.0,1,1,1
12157,111,4,17.0,4,4,0
12153,111,8,32.0,1,1,1
12176,112,4,25.0,3,3,0
12172,112,8,32.0,1,1,1
12196,113,4,25.0,4,4,0
12192,113,8,40.0,1,1,1
12216,114,4,29.0,3,3,0
12212,114,8,48.0,1,1,1
12236,115,4,34.0,3,3,0
12232,115,8,51.0,2,2,1
12256,116,4,39.0,5,5,0
12252,116,8,51.0,2,2,1
12276,117,4,39.0,6,6,0
12272,117,8,56.0,2,2,1
12296,118,4,39.0,6,6,0
12292,118,8,62.0,2,2,1
12316,119,4,44.0,6,6,0
12312,119,8,62.0,3,3,1
12337,120,4,54.0,5,5,1
12333,120,8,70.0,3,3,1
12358,121,4,55.0,6,6,1
12354,121,8,75.0,3,3,1
12381,122,4,55.0,6,6,1
12377,122,8,83.0,2,2,1
12404,123,4,55.0,6,6,1
12400,123,8,91.0,2,2,1
11766,124,8,4.0,3,3,0
11774,125,8,4.0,4,4,0
11791,126,8,4.0,5,5,0
11809,127,8,4.0,7,7,0
11829,128,8,4.0,8,8,0
11849,129,8,4.0,8,8,0
11869,130,8,4.0,8,8,0
11890,131,8,7.0,7,7,0
11912,132,8,11.0,6,6,0
11934,133,8,11.0,6,6,0
11956,134,8,17.0,6,6,0
11978,135,8,17.0,6,6,0
12000,136,8,20.0,6,6,0
12022,137,8,20.0,6,6,0
12044,138,8,20.0,6,6,0
12066,139,8,20.0,6,6,0
12088,140,8,24.0,6,6,0
11392,141,4,0.0,12,12,0
11386,141,8,1.0,6,6,0
11405,142,4,0.0,16,16,0
11399,142,8,1.0,8,8,0
11424,143,4,0.0,19,19,0
11418,143,8,1.0,11,11,0
11444,144,4,0.0,20,20,0
11438,144,8,1.0,11,11,0
11465,145,4,0.0,21,21,0
11459,145,8,1.0,12,12,0
11487,146,4,0.0,21,21,0
11481,146,8,4.0,11,11,0
11509,147,4,0.0,21,21,0
11503,147,8,4.0,12,12,0
11531,148,4,0.0,23,23,0
11525,148,8,7.0,8,8,0
11555,149,4,0.0,23,23,0
11549,149,8,7.0,9,9,0
11579,150,4,0.0,23,23,0
11573,150,8,7.0,10,10,0
11603,151,4,0.0,23,23,0
11597,151,8,9.0,8,8,0
11627,152,4,0.0,23,23,0
11621,152,8,9.0,9,9,0
11651,153,4,0.0,23,23,0
11645,153,8,9.0,9,9,0
11675,154,4,0.0,23,23,0
11669,154,8,9.0,9,9,0
11699,155,4,0.0,23,23,0
11693,155,8,9.0,9,9,0
11724,156,4,0.0,23,23,0
11718,156,8,9.0,10,10,0
11749,157,4,0.0,23,23,0
11743,157,8,9.0,10,10,0
68160,969,830,10.0,5,5,0
68159,969,8,12.0,4,4,0
68158,969,822,15.0,3,3,0
68157,969,1,18.0,2,2,0
68156,969,20,25.0,1,1,1
8261,1,8,0.0,15,15,0
8260,1,9,0.0,14,14,0
8259,1,20,0.0,13,13,0
8251,1,4,4.0,5,5,0
17665,2,8,0.0,18,18,0
17664,2,9,0.0,19,19,0
17663,2,20,0.0,16,16,0
17655,2,4,4.0,6,6,0
13613,36,8,10.0,1,1,1
13614,36,4,8.0,2,2,0
13615,36,1,6.0,3,3,0
13630,37,8,16.0,2,2,1
13631,37,4,18.0,1,1,1
13632,37,1,14.0,3,3,0
13671,39,8,22.0,4,4,1
13672,39,4,28.0,2,2,1
13673,39,1,30.0,1,1,0
13693,40,8,23.0,4,4,1
13694,40,4,38.0,1,1,2
13695,40,1,38.0,2,2,0
13717,41,1,48.0,1,1,1
13715,41,8,27.0,4,4,1
13739,42,1,58.0,1,1,2
13737,42,8,32.0,4,4,1
13762,43,1,64.0,1,1,2
13760,43,8,42.0,4,4,2
13785,44,1,70.0,1,1,2
13783,44,8,52.0,3,3,3
13806,45,8,52.0,4,4,3
13807,45,4,68.0,2,2,3
13808,45,1,70.0,1,1,2
13831,46,1,80.0,1,1,3
13829,46,8,60.0,3,3,3
13854,47,1,84.0,1,1,3
13852,47,8,68.0,4,4,3
13878,48,1,92.0,1,1,3
13876,48,8,74.0,3,3,3
13902,49,1,97.0,1,1,3
13900,49,8,84.0,3,3,4
13926,50,1,107.0,1,1,4
13924,50,8,90.0,3,3,4
13950,51,1,107.0,1,1,4
13948,51,8,100.0,3,3,5
13974,52,1,109.0,2,2,4
17670,2,1,1.0,10,10,0
17730,3,1,4.0,10,10,0
17725,3,8,0.0,16,16,0
17724,3,9,0.0,19,19,0
17723,3,20,10.0,3,3,1
17715,3,4,4.0,8,8,0
17765,4,8,3.0,12,12,0
17764,4,9,0.0,20,20,0
17763,4,20,18.0,3,3,1
17770,4,1,9.0,7,7,0
17755,4,4,5.0,8,8,0
17775,5,4,9.0,8,8,0
17783,5,20,23.0,3,3,1
17784,5,9,0.0,18,18,0
17785,5,8,3.0,13,13,0
17790,5,1,9.0,7,7,0
17950,6,1,9.0,9,9,0
17945,6,8,9.0,8,8,0
17944,6,9,0.0,19,19,0
17943,6,20,23.0,3,3,1
17935,6,4,11.0,7,7,0
17890,7,1,9.0,11,11,0
17885,7,8,9.0,10,10,0
17884,7,9,2.0,15,15,0
17883,7,20,29.0,3,3,1
17875,7,4,11.0,9,9,0
17930,8,1,9.0,11,11,0
17925,8,8,10.0,10,10,0
17924,8,9,2.0,15,15,0
17923,8,20,39.0,3,3,2
17915,8,4,11.0,9,9,0
17955,9,4,13.0,9,9,0
17963,9,20,47.0,2,2,2
17964,9,9,2.0,15,15,0
17965,9,8,10.0,10,10,0
17970,9,1,9.0,11,11,0
17975,10,4,13.0,11,11,0
17983,10,20,47.0,3,3,2
17984,10,9,2.0,15,15,0
17985,10,8,18.0,9,9,0
17990,10,1,19.0,8,8,1
17996,11,4,16.0,11,11,0
18004,11,20,47.0,4,4,2
18005,11,9,3.0,14,14,0
18006,11,8,24.0,7,7,0
18011,11,1,27.0,6,6,1
18019,12,4,16.0,12,12,0
18027,12,20,53.0,3,3,2
18028,12,9,8.0,15,15,0
18029,12,8,34.0,5,5,1
18034,12,1,27.0,7,7,1
18042,13,4,20.0,11,11,0
18050,13,20,54.0,3,3,2
18051,13,9,8.0,15,15,0
18052,13,8,40.0,5,5,1
18057,13,1,27.0,7,7,1
18066,14,4,26.0,8,8,0
18074,14,20,59.0,3,3,2
18075,14,9,9.0,14,14,0
18076,14,8,40.0,5,5,1
18081,14,1,37.0,6,6,2
18129,15,1,43.0,6,6,2
18124,15,8,45.0,5,5,1
18114,15,4,26.0,9,9,0
18122,15,20,69.0,3,3,3
18123,15,9,9.0,14,14,0
18138,16,4,26.0,9,9,0
18146,16,20,74.0,2,2,3
18147,16,9,17.0,13,13,0
18148,16,8,48.0,6,6,1
18153,16,1,49.0,5,5,2
29867,17,4,26.0,9,9,0
29875,17,20,84.0,2,2,4
29876,17,9,17.0,14,14,0
29877,17,8,48.0,6,6,1
29882,17,1,49.0,5,5,2
63737,337,4,25.0,1,1,1
63739,337,1,15.0,3,3,0
63740,337,20,12.0,4,4,0
63747,337,9,0.0,11,11,0
63761,338,4,37.0,1,1,1
63763,338,1,23.0,4,4,0
63764,338,20,12.0,7,7,0
63771,338,9,18.0,6,6,0
63785,339,4,37.0,2,2,1
63787,339,1,31.0,6,6,0
63788,339,20,37.0,3,3,1
63795,339,9,30.0,7,7,0
63809,340,4,49.0,3,3,1
63811,340,1,49.0,4,4,0
63812,340,20,45.0,5,5,1
63819,340,9,40.0,7,7,0
63833,341,4,67.0,2,2,1
63835,341,1,49.0,6,6,0
63836,341,20,60.0,3,3,1
63843,341,9,44.0,8,8,0
63905,343,4,79.0,4,4,1
63883,342,1,59.0,7,7,0
63884,342,20,78.0,2,2,1
63881,342,4,75.0,3,3,1
63891,342,9,59.0,6,6,0
63907,343,1,84.0,3,3,1
63908,343,20,78.0,5,5,1
63915,343,9,67.0,6,6,0
63929,344,4,94.0,4,4,1
63931,344,1,109.0,1,1,2
63932,344,20,90.0,5,5,1
63939,344,9,73.0,7,7,0
63953,345,4,98.0,5,5,1
63955,345,1,127.0,1,1,2
63956,345,20,115.0,3,3,2
63963,345,9,83.0,6,6,0
63977,346,4,98.0,5,5,1
63979,346,1,145.0,1,1,2
63980,346,20,121.0,4,4,2
63987,346,9,83.0,7,7,0
64002,347,4,123.0,5,5,2
64004,347,1,157.0,1,1,2
64005,347,20,136.0,4,4,2
64012,347,9,89.0,7,7,0
64027,348,4,141.0,5,5,2
64029,348,1,157.0,2,2,2
64030,348,20,151.0,3,3,2
64037,348,9,89.0,8,8,0
64052,349,4,141.0,5,5,2
64054,349,1,182.0,1,1,3
64055,349,20,151.0,3,3,2
64062,349,9,104.0,7,7,0
64077,350,4,166.0,3,3,3
64079,350,1,182.0,2,2,3
64080,350,20,163.0,5,5,2
64087,350,9,108.0,8,8,0
64159,351,20,181.0,4,4,2
64166,351,9,114.0,8,8,0
64158,351,1,182.0,3,3,3
64156,351,4,191.0,2,2,4
64193,352,9,114.0,8,8,0
64185,352,1,192.0,4,4,3
64186,352,20,206.0,3,3,3
64183,352,4,206.0,2,2,4
64247,353,9,124.0,7,7,0
64239,353,1,210.0,3,3,3
64240,353,20,206.0,4,4,3
64237,353,4,231.0,1,1,5
64264,354,4,246.0,1,1,5
64266,354,1,222.0,4,4,3
64267,354,20,231.0,3,3,4
64274,354,9,126.0,8,8,0
64291,355,4,252.0,2,2,5
64293,355,1,240.0,4,4,3
64294,355,20,256.0,1,1,5
64301,355,9,136.0,8,8,0
64387,842,4,20.0,5,5,0
64385,842,1,22.0,3,3,0
64384,842,20,50.0,1,1,2
64693,841,4,12.0,4,4,0
64691,841,1,18.0,2,2,0
64690,841,20,25.0,1,1,1
64406,842,815,0.0,20,20,0
64408,843,20,68.0,1,1,2
64409,843,1,47.0,2,2,1
64411,843,4,26.0,5,5,0
64430,843,815,0.0,21,21,0
64432,844,20,93.0,1,1,3
64433,844,1,59.0,2,2,1
64435,844,4,41.0,5,5,0
64454,844,815,0.0,18,18,0
64456,845,20,118.0,1,1,4
64457,845,1,77.0,2,2,1
64459,845,4,51.0,5,5,0
64478,845,815,2.0,14,14,0
64480,846,20,143.0,1,1,5
64481,846,1,85.0,2,2,1
64483,846,4,69.0,5,5,0
64502,846,815,2.0,15,15,0
64504,847,20,161.0,1,1,5
64505,847,1,85.0,4,4,1
64507,847,4,69.0,5,5,0
64526,847,815,2.0,16,16,0
64529,848,20,186.0,1,1,6
64530,848,1,97.0,4,4,1
64532,848,4,87.0,5,5,0
64551,848,815,2.0,16,16,0
64554,849,20,204.0,1,1,6
64555,849,1,109.0,4,4,1
64557,849,4,112.0,3,3,1
64576,849,815,8.0,14,14,0
64579,849,817,0.0,26,26,0
64580,850,20,216.0,1,1,6
64581,850,1,134.0,3,3,2
64583,850,4,130.0,4,4,1
64602,850,815,8.0,14,14,0
64605,850,817,0.0,26,26,0
64607,851,20,234.0,1,1,6
64608,851,1,146.0,3,3,2
64610,851,4,145.0,4,4,1
64629,851,815,8.0,15,15,0
64632,851,817,0.0,26,26,0
64687,852,817,0.0,27,27,0
64684,852,815,8.0,15,15,0
64663,852,1,146.0,5,5,2
64662,852,20,259.0,1,1,7
64665,852,4,157.0,3,3,1
64710,853,20,284.0,1,1,8
64711,853,1,158.0,5,5,2
64713,853,4,172.0,2,2,1
64732,853,815,8.0,16,16,0
64735,853,817,0.0,27,27,0
64738,854,20,309.0,1,1,9
64739,854,1,168.0,5,5,2
64741,854,4,184.0,3,3,1
64760,854,815,9.0,16,16,0
64763,854,817,0.0,27,27,0
64766,855,20,324.0,1,1,9
64767,855,1,178.0,5,5,2
64769,855,4,202.0,3,3,1
64788,855,815,13.0,15,15,0
64791,855,817,0.0,27,27,0
64794,856,20,349.0,1,1,10
64795,856,1,196.0,5,5,2
64797,856,4,212.0,3,3,1
64816,856,815,13.0,16,16,0
64819,856,817,0.0,27,27,0
64822,857,20,374.0,1,1,11
64823,857,1,202.0,5,5,2
64825,857,4,227.0,3,3,1
64844,857,815,14.0,16,16,0
64847,857,817,0.0,27,27,0
64850,858,20,374.0,1,1,11
64851,858,1,227.0,5,5,3
64853,858,4,245.0,3,3,1
64872,858,815,14.0,16,16,0
64875,858,817,0.0,27,27,0
64878,859,20,392.0,1,1,11
64879,859,1,227.0,5,5,3
64881,859,4,257.0,4,4,1
64900,859,815,14.0,16,16,0
64903,859,817,0.0,27,27,0
64984,860,817,2.0,9,9,0
64983,860,815,4.0,8,8,0
64982,860,8,6.0,7,7,0
64980,860,4,10.0,5,5,0
64978,860,1,15.0,3,3,0
64977,860,20,18.0,2,2,0
64929,861,20,18.0,6,6,0
64930,861,1,30.0,2,2,0
64932,861,4,35.0,1,1,1
64934,861,8,16.0,7,7,0
64935,861,815,22.0,5,5,0
64936,861,817,2.0,12,12,0
64953,862,20,28.0,5,5,0
64954,862,1,45.0,1,1,0
64956,862,4,37.0,3,3,1
64958,862,8,16.0,8,8,0
64959,862,815,22.0,7,7,0
64960,862,817,2.0,15,15,0
65001,863,20,53.0,1,1,1
65002,863,1,49.0,2,2,0
65004,863,4,43.0,5,5,1
65006,863,8,34.0,7,7,0
65007,863,815,22.0,9,9,0
65008,863,817,2.0,15,15,0
65025,864,20,61.0,1,1,1
65026,864,1,53.0,3,3,0
65028,864,4,61.0,2,2,1
65030,864,8,49.0,4,4,0
65031,864,815,22.0,10,10,0
65032,864,817,2.0,16,16,0
65049,865,20,73.0,2,2,1
65050,865,1,63.0,4,4,0
65052,865,4,76.0,1,1,1
65054,865,8,51.0,6,6,0
65055,865,815,22.0,10,10,0
65056,865,817,2.0,17,17,0
65073,866,20,85.0,3,3,1
65074,866,1,88.0,1,1,1
65076,866,4,86.0,2,2,1
65078,866,8,55.0,6,6,0
65079,866,815,37.0,9,9,0
65080,866,817,2.0,17,17,0
65097,867,20,85.0,4,4,1
65098,867,1,88.0,3,3,1
65100,867,4,111.0,1,1,2
65102,867,8,73.0,6,6,0
65103,867,815,39.0,9,9,0
65104,867,817,2.0,18,18,0
65121,868,20,100.0,3,3,1
65122,868,1,92.0,4,4,1
65124,868,4,129.0,1,1,2
65126,868,8,83.0,5,5,0
65127,868,815,39.0,9,9,0
65128,868,817,2.0,18,18,0
65196,870,4,164.0,1,1,3
65194,870,1,117.0,4,4,2
65193,870,20,122.0,3,3,1
65169,869,20,110.0,3,3,1
65170,869,1,92.0,5,5,1
65172,869,4,154.0,1,1,3
65174,869,8,98.0,4,4,0
65175,869,815,47.0,9,9,0
65176,869,817,2.0,18,18,0
65198,870,8,116.0,5,5,0
65199,870,815,47.0,9,9,0
65200,870,817,2.0,18,18,0
65217,871,20,140.0,2,2,1
65218,871,1,117.0,5,5,2
65220,871,4,164.0,1,1,3
65222,871,8,131.0,4,4,0
65223,871,815,47.0,9,9,0
65224,871,817,4.0,18,18,0
65241,872,20,140.0,4,4,1
65242,872,1,142.0,2,2,3
65244,872,4,179.0,1,1,3
65246,872,8,141.0,3,3,0
65247,872,815,65.0,9,9,0
65248,872,817,4.0,18,18,0
65346,873,8,149.0,3,3,0
65347,873,815,66.0,9,9,0
65348,873,817,6.0,18,18,0
65344,873,4,194.0,1,1,3
65341,873,20,165.0,2,2,2
65373,874,817,7.0,18,18,0
65366,874,20,190.0,2,2,3
65371,874,8,157.0,3,3,0
65372,874,815,66.0,10,10,0
65369,874,4,194.0,1,1,3
65367,874,1,152.0,4,4,3
65342,873,1,142.0,4,4,3
65391,875,20,215.0,1,1,4
65392,875,1,153.0,4,4,3
65394,875,4,209.0,2,2,3
65396,875,8,167.0,3,3,0
65397,875,815,66.0,10,10,0
65398,875,817,9.0,18,18,0
65416,876,20,240.0,1,1,5
65417,876,1,165.0,5,5,3
65419,876,4,227.0,2,2,3
65421,876,8,173.0,3,3,0
65422,876,815,66.0,10,10,0
65423,876,817,9.0,18,18,0
65441,877,20,255.0,1,1,5
65442,877,1,165.0,5,5,3
65444,877,4,245.0,2,2,3
65446,877,8,198.0,3,3,1
65447,877,815,66.0,10,10,0
65448,877,817,10.0,18,18,0
65466,878,20,273.0,1,1,5
65467,878,1,190.0,4,4,4
65469,878,4,260.0,2,2,3
65471,878,8,206.0,3,3,1
65472,878,815,66.0,10,10,0
65473,878,817,10.0,18,18,0
65491,879,20,281.0,1,1,5
65492,879,1,190.0,4,4,4
65494,879,4,278.0,2,2,3
65496,879,8,207.0,3,3,1
65497,879,815,66.0,10,10,0
65498,879,817,10.0,18,18,0
65515,880,8,25.0,1,1,1
65516,880,4,18.0,2,2,0
65517,880,20,15.0,3,3,0
65519,880,1,10.0,5,5,0
65525,880,815,0.0,11,11,0
65528,880,822,0.0,14,14,0
65533,880,817,0.0,19,19,0
65537,881,8,31.0,2,2,1
65538,881,4,18.0,6,6,0
65539,881,20,40.0,1,1,1
65541,881,1,25.0,4,4,0
65547,881,815,2.0,12,12,0
65550,881,822,0.0,15,15,0
65555,881,817,0.0,21,21,0
65559,882,8,49.0,2,2,1
65560,882,4,43.0,3,3,1
65561,882,20,52.0,1,1,1
65563,882,1,40.0,4,4,0
65569,882,815,2.0,14,14,0
65572,882,822,0.0,16,16,0
65577,882,817,6.0,11,11,0
65581,883,8,67.0,2,2,1
65582,883,4,47.0,4,4,1
65583,883,20,77.0,1,1,2
65585,883,1,50.0,3,3,0
65591,883,815,10.0,11,11,0
65594,883,822,0.0,16,16,0
65599,883,817,6.0,13,13,0
65643,884,817,7.0,12,12,0
65638,884,822,0.0,17,17,0
65629,884,1,50.0,4,4,0
65627,884,20,89.0,1,1,2
65626,884,4,72.0,3,3,2
65625,884,8,85.0,2,2,1
65635,884,815,12.0,11,11,0
65647,885,8,86.0,2,2,1
65648,885,4,78.0,3,3,2
65649,885,20,107.0,1,1,2
65651,885,1,62.0,4,4,0
65657,885,815,12.0,12,12,0
65660,885,822,0.0,17,17,0
65665,885,817,7.0,13,13,0
65669,886,8,88.0,3,3,1
65670,886,4,96.0,2,2,2
65671,886,20,132.0,1,1,3
65673,886,1,77.0,4,4,0
65679,886,815,12.0,13,13,0
65682,886,822,0.0,17,17,0
65687,886,817,7.0,14,14,0
65731,887,817,11.0,14,14,0
65715,887,20,132.0,1,1,3
65717,887,1,89.0,4,4,0
65726,887,822,0.0,17,17,0
65713,887,8,98.0,3,3,1
65714,887,4,111.0,2,2,2
65723,887,815,12.0,13,13,0
65735,888,8,116.0,3,3,1
65736,888,4,123.0,2,2,2
65737,888,20,157.0,1,1,4
65739,888,1,99.0,4,4,0
65745,888,815,16.0,12,12,0
65748,888,822,0.0,17,17,0
65753,888,817,11.0,14,14,0
65757,890,8,134.0,2,2,1
65758,890,4,133.0,3,3,2
65759,890,20,172.0,1,1,4
65761,890,1,124.0,4,4,1
65767,890,815,18.0,12,12,0
65770,890,822,0.0,17,17,0
65775,890,817,11.0,14,14,0
65779,891,8,134.0,4,4,1
65780,891,4,151.0,2,2,2
65781,891,20,197.0,1,1,5
65783,891,1,139.0,3,3,1
65789,891,815,18.0,12,12,0
65792,891,822,0.0,17,17,0
65797,891,817,12.0,14,14,0
65801,892,8,134.0,4,4,1
65802,892,4,169.0,2,2,2
65803,892,20,222.0,1,1,6
65805,892,1,141.0,3,3,1
65811,892,815,18.0,12,12,0
65814,892,822,0.0,17,17,0
65819,892,817,18.0,13,13,0
65823,893,8,149.0,4,4,1
65824,893,4,187.0,2,2,2
65825,893,20,247.0,1,1,7
65827,893,1,151.0,3,3,1
65833,893,815,22.0,12,12,0
65836,893,822,0.0,18,18,0
65841,893,817,18.0,14,14,0
65845,894,8,167.0,3,3,1
65846,894,4,195.0,2,2,2
65847,894,20,272.0,1,1,8
65849,894,1,161.0,4,4,1
65855,894,815,23.0,13,13,0
65858,894,822,0.0,18,18,0
65863,894,817,18.0,14,14,0
65867,895,8,177.0,3,3,1
65868,895,4,207.0,2,2,2
65869,895,20,297.0,1,1,9
65871,895,1,161.0,4,4,1
65877,895,815,23.0,13,13,0
65880,895,822,0.0,18,18,0
65885,895,817,18.0,14,14,0
65889,896,8,183.0,3,3,1
65890,896,4,207.0,2,2,2
65891,896,20,322.0,1,1,10
65893,896,1,169.0,4,4,1
65899,896,815,33.0,12,12,0
65902,896,822,0.0,18,18,0
65907,896,817,19.0,14,14,0
65911,897,8,183.0,3,3,1
65912,897,4,217.0,2,2,2
65913,897,20,347.0,1,1,11
65915,897,1,175.0,4,4,1
65921,897,815,35.0,12,12,0
65924,897,822,0.0,18,18,0
65929,897,817,19.0,14,14,0
65933,898,8,183.0,4,4,1
65934,898,4,227.0,2,2,2
65935,898,20,372.0,1,1,12
65937,898,1,187.0,3,3,1
65943,898,815,41.0,12,12,0
65946,898,822,4.0,17,17,0
65951,898,817,19.0,14,14,0
65956,899,8,183.0,5,5,1
65957,899,4,242.0,2,2,2
65958,899,20,397.0,1,1,13
65960,899,1,189.0,4,4,1
65966,899,815,49.0,11,11,0
65969,899,822,4.0,17,17,0
65974,899,817,20.0,14,14,0
66630,900,20,0.0,18,18,0
66616,900,4,12.0,4,4,0
66617,900,822,10.0,5,5,0
66619,900,8,6.0,7,7,0
66631,900,1,0.0,19,19,0
66622,900,815,1.0,10,10,0
66634,900,817,0.0,22,22,0
66638,901,4,24.0,3,3,0
66639,901,822,14.0,8,8,0
66641,901,8,6.0,9,9,0
66644,901,815,1.0,13,13,0
66652,901,20,15.0,7,7,0
66653,901,1,25.0,2,2,1
66656,901,817,0.0,22,22,0
66660,902,4,26.0,4,4,0
66661,902,822,18.0,8,8,0
66663,902,8,7.0,12,12,0
66666,902,815,16.0,9,9,0
66674,902,20,23.0,6,6,0
66675,902,1,50.0,2,2,2
66678,902,817,12.0,10,10,0
66682,903,4,41.0,3,3,0
66683,903,822,24.0,7,7,0
66685,903,8,11.0,12,12,0
66688,903,815,18.0,10,10,0
66696,903,20,33.0,5,5,0
66697,903,1,75.0,2,2,3
66700,903,817,24.0,6,6,0
66704,904,4,49.0,3,3,0
66705,904,822,34.0,7,7,0
66707,904,8,17.0,11,11,0
66710,904,815,20.0,10,10,0
66718,904,20,45.0,4,4,0
66719,904,1,100.0,1,1,4
66722,904,817,39.0,5,5,0
66726,905,4,61.0,3,3,0
66727,905,822,34.0,7,7,0
66729,905,8,17.0,12,12,0
66732,905,815,20.0,10,10,0
66740,905,20,45.0,6,6,0
66741,905,1,118.0,2,2,4
66744,905,817,54.0,4,4,0
66748,906,4,69.0,4,4,0
66749,906,822,40.0,8,8,0
66751,906,8,18.0,12,12,0
66754,906,815,20.0,10,10,0
66762,906,20,60.0,5,5,0
66763,906,1,118.0,2,2,4
66766,906,817,79.0,3,3,1
66770,907,4,79.0,4,4,0
66771,907,822,55.0,7,7,0
66773,907,8,19.0,12,12,0
66776,907,815,28.0,11,11,0
66784,907,20,60.0,5,5,0
66785,907,1,136.0,2,2,4
66788,907,817,83.0,3,3,1
66792,908,4,87.0,4,4,0
66793,908,822,73.0,5,5,0
66795,908,8,19.0,12,12,0
66798,908,815,28.0,11,11,0
66806,908,20,70.0,6,6,0
66807,908,1,161.0,2,2,5
66810,908,817,98.0,3,3,1
66814,909,4,97.0,4,4,0
66815,909,822,91.0,5,5,0
66817,909,8,19.0,12,12,0
66820,909,815,29.0,11,11,0
66828,909,20,82.0,6,6,0
66829,909,1,176.0,2,2,5
66832,909,817,106.0,3,3,1
66836,910,4,115.0,4,4,0
66837,910,822,95.0,5,5,0
66839,910,8,27.0,12,12,0
66842,910,815,29.0,11,11,0
66850,910,20,88.0,6,6,0
66851,910,1,191.0,2,2,5
66854,910,817,131.0,3,3,2
66858,911,4,121.0,4,4,0
66859,911,822,110.0,5,5,0
66861,911,8,39.0,10,10,0
66864,911,815,33.0,12,12,0
66872,911,20,98.0,6,6,0
66873,911,1,191.0,2,2,5
66876,911,817,156.0,3,3,3
66881,912,4,121.0,5,5,0
66882,912,822,122.0,4,4,0
66884,912,8,41.0,10,10,0
66887,912,815,39.0,11,11,0
66895,912,20,106.0,6,6,0
66896,912,1,216.0,2,2,6
66899,912,817,166.0,3,3,3
66904,913,4,133.0,4,4,0
66905,913,822,122.0,6,6,0
66907,913,8,45.0,11,11,0
66910,913,815,45.0,10,10,0
66918,913,20,124.0,5,5,0
66919,913,1,241.0,1,1,7
66922,913,817,181.0,3,3,3
66927,914,4,133.0,5,5,0
66928,914,822,130.0,6,6,0
66930,914,8,45.0,11,11,0
66933,914,815,46.0,10,10,0
66941,914,20,139.0,4,4,0
66942,914,1,266.0,1,1,8
66945,914,817,193.0,3,3,3
66950,915,4,141.0,6,6,0
66951,915,822,145.0,4,4,0
66953,915,8,47.0,12,12,0
66956,915,815,47.0,11,11,0
66964,915,20,143.0,5,5,0
66965,915,1,291.0,1,1,9
66968,915,817,199.0,3,3,3
66973,916,4,149.0,6,6,0
66974,916,822,155.0,4,4,0
66976,916,8,47.0,12,12,0
66979,916,815,47.0,11,11,0
66987,916,20,149.0,5,5,0
66988,916,1,316.0,1,1,10
66991,916,817,214.0,3,3,3
66996,917,4,157.0,5,5,0
66997,917,822,156.0,6,6,0
66999,917,8,53.0,11,11,0
67002,917,815,47.0,12,12,0
67010,917,20,159.0,4,4,0
67011,917,1,334.0,1,1,10
67014,917,817,214.0,3,3,3
67019,918,4,161.0,6,6,0
67020,918,822,186.0,4,4,0
67022,918,8,55.0,12,12,0
67025,918,815,59.0,10,10,0
67033,918,20,167.0,5,5,0
67034,918,1,384.0,1,1,11
67037,918,817,238.0,3,3,3
67201,926,822,0.0,18,18,0
67195,926,8,0.0,12,12,0
67202,933,1,169.0,1,1,4
67196,926,830,0.0,13,13,0
67193,926,815,1.0,10,10,0
67192,926,832,2.0,9,9,0
67189,926,817,8.0,6,6,0
67186,926,20,15.0,3,3,0
67184,926,1,25.0,1,1,1
67058,927,1,43.0,1,1,1
67060,927,20,40.0,2,2,1
67063,927,817,9.0,8,8,0
67066,927,832,6.0,11,11,0
67067,927,815,1.0,14,14,0
67069,927,8,12.0,5,5,0
67070,927,830,6.0,10,10,0
67075,927,822,10.0,7,7,0
67077,927,4,0.0,20,20,0
67079,928,1,68.0,1,1,2
67081,928,20,55.0,2,2,1
67084,928,817,11.0,8,8,0
67087,928,832,6.0,12,12,0
67088,928,815,1.0,15,15,0
67090,928,8,24.0,5,5,0
67091,928,830,6.0,11,11,0
67096,928,822,18.0,6,6,0
67098,928,4,0.0,17,17,0
67100,929,1,93.0,1,1,3
67102,929,20,65.0,3,3,1
67105,929,817,19.0,7,7,0
67108,929,832,6.0,12,12,0
67109,929,815,5.0,13,13,0
67111,929,8,42.0,4,4,0
67112,929,830,6.0,11,11,0
67117,929,822,30.0,6,6,0
67119,929,4,0.0,16,16,0
67121,930,1,111.0,1,1,3
67123,930,20,80.0,3,3,1
67126,930,817,25.0,7,7,0
67129,930,832,8.0,10,10,0
67130,930,815,5.0,13,13,0
67132,930,8,52.0,4,4,0
67133,930,830,6.0,11,11,0
67138,930,822,42.0,5,5,0
67140,930,4,0.0,16,16,0
67142,931,1,126.0,1,1,3
67144,931,20,98.0,3,3,1
67147,931,817,35.0,7,7,0
67150,931,832,9.0,12,12,0
67151,931,815,11.0,11,11,0
67153,931,8,60.0,4,4,0
67154,931,830,6.0,14,14,0
67159,931,822,42.0,5,5,0
67161,931,4,0.0,17,17,0
67163,932,1,151.0,1,1,4
67165,932,20,108.0,3,3,1
67168,932,817,35.0,7,7,0
67171,932,832,9.0,13,13,0
67172,932,815,11.0,11,11,0
67174,932,8,72.0,4,4,0
67175,932,830,6.0,14,14,0
67180,932,822,57.0,5,5,0
67182,932,4,0.0,18,18,0
67204,933,20,120.0,3,3,1
67207,933,817,36.0,7,7,0
67210,933,832,9.0,15,15,0
67211,933,815,13.0,12,12,0
67213,933,8,72.0,4,4,0
67214,933,830,10.0,14,14,0
67219,933,822,67.0,5,5,0
67221,933,4,0.0,18,18,0
67223,934,1,194.0,1,1,5
67225,934,20,135.0,3,3,1
67228,934,817,36.0,7,7,0
67231,934,832,9.0,15,15,0
67232,934,815,15.0,12,12,0
67234,934,8,76.0,5,5,0
67235,934,830,10.0,14,14,0
67240,934,822,77.0,4,4,0
67242,934,4,1.0,18,18,0
67244,936,1,202.0,1,1,5
67246,936,20,160.0,3,3,2
67249,936,817,51.0,7,7,0
67252,936,832,9.0,16,16,0
67253,936,815,15.0,13,13,0
67255,936,8,76.0,5,5,0
67256,936,830,22.0,11,11,0
67261,936,822,77.0,4,4,0
67263,936,4,11.0,15,15,0
67265,937,1,227.0,1,1,6
67267,937,20,160.0,3,3,2
67270,937,817,51.0,8,8,0
67273,937,832,9.0,16,16,0
67274,937,815,25.0,11,11,0
67276,937,8,82.0,4,4,0
67277,937,830,26.0,10,10,0
67282,937,822,79.0,6,6,0
67284,937,4,11.0,15,15,0
67286,938,1,252.0,1,1,7
67288,938,20,178.0,3,3,2
67291,938,817,55.0,8,8,0
67294,938,832,9.0,16,16,0
67295,938,815,33.0,10,10,0
67297,938,8,92.0,5,5,0
67298,938,830,26.0,12,12,0
67303,938,822,91.0,6,6,0
67305,938,4,11.0,15,15,0
67307,939,1,252.0,1,1,7
67309,939,20,203.0,3,3,3
67312,939,817,73.0,7,7,0
67315,939,832,11.0,16,16,0
67316,939,815,39.0,9,9,0
67318,939,8,107.0,4,4,0
67319,939,830,30.0,11,11,0
67324,939,822,101.0,5,5,0
67326,939,4,11.0,15,15,0
67370,940,4,11.0,16,16,0
67368,940,822,111.0,5,5,0
67363,940,830,32.0,12,12,0
67359,940,832,12.0,15,15,0
67360,940,815,39.0,10,10,0
67362,940,8,119.0,4,4,0
67356,940,817,73.0,7,7,0
67353,940,20,218.0,3,3,3
67351,940,1,277.0,1,1,8
67522,941,822,111.0,5,5,0
67441,942,20,251.0,2,2,3
67524,941,4,11.0,16,16,0
67439,942,1,327.0,1,1,10
67517,941,830,33.0,12,12,0
67516,941,8,123.0,4,4,0
67514,941,815,54.0,9,9,0
67513,941,832,12.0,15,15,0
67510,941,817,73.0,8,8,0
67507,941,20,236.0,2,2,3
67505,941,1,302.0,1,1,9
67444,942,817,74.0,8,8,0
67447,942,832,18.0,15,15,0
67448,942,815,64.0,9,9,0
67450,942,8,123.0,4,4,0
67451,942,830,45.0,10,10,0
67456,942,822,111.0,5,5,0
67458,942,4,11.0,17,17,0
67461,943,1,345.0,1,1,10
67463,943,20,251.0,3,3,3
67466,943,817,84.0,8,8,0
67469,943,832,18.0,15,15,0
67470,943,815,68.0,9,9,0
67472,943,8,123.0,5,5,0
67473,943,830,47.0,10,10,0
67478,943,822,126.0,4,4,0
67480,943,4,11.0,17,17,0
67483,944,1,363.0,1,1,10
67485,944,20,266.0,3,3,3
67488,944,817,84.0,8,8,0
67491,944,832,18.0,15,15,0
67492,944,815,68.0,9,9,0
67494,944,8,135.0,5,5,0
67495,944,830,49.0,12,12,0
67500,944,822,136.0,4,4,0
67502,944,4,11.0,17,17,0
67527,945,1,381.0,1,1,10
67529,945,20,278.0,3,3,3
67532,945,817,92.0,8,8,0
67535,945,832,18.0,15,15,0
67536,945,815,78.0,9,9,0
67538,945,8,150.0,4,4,0
67539,945,830,49.0,12,12,0
67544,945,822,136.0,5,5,0
67546,945,4,11.0,17,17,0
67732,955,1,117.0,2,2,2
68106,948,4,0.0,21,21,0
68098,948,815,0.0,13,13,0
68103,948,8,0.0,18,18,0
68095,948,830,1.0,10,10,0
68094,948,832,2.0,9,9,0
68093,948,822,4.0,8,8,0
68089,948,817,12.0,4,4,0
68088,948,20,15.0,3,3,0
68087,948,1,18.0,2,2,0
67572,949,1,33.0,2,2,0
67573,949,20,15.0,6,6,0
67574,949,817,24.0,3,3,0
67578,949,822,6.0,11,11,0
67579,949,832,2.0,12,12,0
67580,949,830,9.0,8,8,0
67583,949,815,0.0,17,17,0
67588,949,8,18.0,4,4,0
67591,949,4,0.0,23,23,0
67595,950,1,39.0,2,2,0
67596,950,20,33.0,4,4,0
67597,950,817,36.0,3,3,0
67601,950,822,7.0,10,10,0
67602,950,832,4.0,12,12,0
67603,950,830,13.0,9,9,0
67606,950,815,0.0,15,15,0
67611,950,8,28.0,5,5,0
67614,950,4,0.0,18,18,0
67618,951,1,57.0,2,2,0
67619,951,20,33.0,5,5,0
67620,951,817,36.0,4,4,0
67624,951,822,19.0,9,9,0
67625,951,832,4.0,14,14,0
67626,951,830,13.0,10,10,0
67629,951,815,2.0,15,15,0
67634,951,8,43.0,3,3,0
67637,951,4,8.0,11,11,0
67641,952,1,57.0,3,3,0
67642,952,20,48.0,4,4,0
67643,952,817,48.0,5,5,0
67647,952,822,29.0,8,8,0
67648,952,832,12.0,11,11,0
67649,952,830,38.0,6,6,1
67652,952,815,8.0,13,13,0
67657,952,8,61.0,2,2,0
67660,952,4,8.0,12,12,0
67664,953,1,82.0,2,2,1
67665,953,20,60.0,5,5,0
67666,953,817,66.0,3,3,0
67670,953,822,29.0,8,8,0
67671,953,832,16.0,13,13,0
67672,953,830,38.0,6,6,1
67675,953,815,23.0,9,9,0
67680,953,8,61.0,4,4,0
67683,953,4,18.0,12,12,0
67687,954,1,107.0,2,2,2
67688,954,20,78.0,3,3,0
67689,954,817,72.0,4,4,0
67693,954,822,44.0,7,7,0
67694,954,832,18.0,14,14,0
67695,954,830,50.0,6,6,1
67698,954,815,24.0,9,9,0
67703,954,8,69.0,5,5,0
67706,954,4,18.0,12,12,0
67733,955,20,96.0,3,3,0
67734,955,817,78.0,5,5,0
67738,955,822,52.0,7,7,0
67739,955,832,18.0,14,14,0
67740,955,830,54.0,6,6,1
67743,955,815,39.0,8,8,0
67748,955,8,81.0,4,4,0
67751,955,4,18.0,13,13,0
67755,956,1,142.0,2,2,3
67756,956,20,96.0,3,3,0
67757,956,817,88.0,5,5,0
67761,956,822,54.0,7,7,0
67762,956,832,22.0,12,12,0
67763,956,830,72.0,6,6,1
67766,956,815,39.0,8,8,0
67771,956,8,96.0,4,4,0
67774,956,4,18.0,14,14,0
67778,957,1,167.0,2,2,4
67779,957,20,98.0,5,5,0
67780,957,817,100.0,4,4,0
67784,957,822,54.0,7,7,0
67785,957,832,26.0,12,12,0
67786,957,830,90.0,6,6,1
67789,957,815,47.0,8,8,0
67794,957,8,106.0,3,3,0
67797,957,4,18.0,14,14,0
67801,958,1,192.0,1,1,5
67802,958,20,110.0,5,5,0
67803,958,817,115.0,3,3,0
67807,958,822,56.0,7,7,0
67808,958,832,30.0,10,10,0
67809,958,830,100.0,6,6,1
67812,958,815,47.0,8,8,0
67817,958,8,114.0,4,4,0
67820,958,4,24.0,13,13,0
67824,959,1,217.0,1,1,6
67825,959,20,120.0,5,5,0
67826,959,817,133.0,3,3,0
67830,959,822,58.0,7,7,0
67831,959,832,30.0,11,11,0
67832,959,830,115.0,6,6,1
67835,959,815,48.0,8,8,0
67840,959,8,122.0,4,4,0
67843,959,4,24.0,13,13,0
67847,960,1,232.0,1,1,6
67848,960,20,128.0,4,4,0
67849,960,817,151.0,3,3,0
67853,960,822,62.0,7,7,0
67854,960,832,30.0,12,12,0
67855,960,830,115.0,6,6,1
67858,960,815,58.0,8,8,0
67863,960,8,124.0,5,5,0
67866,960,4,30.0,11,11,0
67869,960,839,0.0,24,24,0
67871,961,1,250.0,1,1,6
67872,961,20,143.0,4,4,0
67873,961,817,161.0,3,3,0
67877,961,822,70.0,7,7,0
67878,961,832,30.0,12,12,0
67879,961,830,121.0,6,6,1
67882,961,815,62.0,8,8,0
67887,961,8,136.0,5,5,0
67890,961,4,30.0,11,11,0
67893,961,839,0.0,24,24,0
67895,962,1,265.0,2,2,6
67896,962,20,153.0,4,4,0
67897,962,817,179.0,3,3,0
67901,962,822,70.0,7,7,0
67902,962,832,30.0,12,12,0
67903,962,830,129.0,6,6,1
67906,962,815,66.0,8,8,0
67911,962,8,148.0,5,5,0
67914,962,4,36.0,11,11,0
67917,962,839,0.0,24,24,0
67919,963,1,265.0,2,2,6
67920,963,20,153.0,5,5,0
67921,963,817,204.0,3,3,1
67925,963,822,80.0,7,7,0
67926,963,832,30.0,12,12,0
67927,963,830,147.0,6,6,1
67930,963,815,74.0,8,8,0
67935,963,8,160.0,4,4,0
67938,963,4,42.0,10,10,0
67941,963,839,0.0,24,24,0
67943,964,1,280.0,2,2,6
67944,964,20,165.0,6,6,0
67945,964,817,212.0,3,3,1
67949,964,822,81.0,7,7,0
67950,964,832,30.0,12,12,0
67951,964,830,165.0,5,5,1
67954,964,815,80.0,8,8,0
67959,964,8,170.0,4,4,0
67962,964,4,42.0,11,11,0
67965,964,839,0.0,24,24,0
68061,965,839,0.0,24,24,0
68058,965,4,52.0,10,10,0
68055,965,8,170.0,5,5,0
68050,965,815,84.0,7,7,0
68047,965,830,165.0,6,6,1
68046,965,832,38.0,12,12,0
68041,965,817,227.0,3,3,1
68045,965,822,81.0,8,8,0
68039,965,1,305.0,2,2,7
68040,965,20,177.0,4,4,0
68110,967,20,197.0,4,4,0
68109,967,1,355.0,2,2,9
68085,966,839,0.0,24,24,0
68082,966,4,52.0,10,10,0
68079,966,8,178.0,5,5,0
68074,966,815,85.0,7,7,0
68071,966,830,177.0,6,6,1
68070,966,832,38.0,12,12,0
68069,966,822,85.0,8,8,0
68065,966,817,242.0,3,3,1
68064,966,20,187.0,4,4,0
68063,966,1,330.0,2,2,8
68111,967,817,246.0,3,3,1
68115,967,822,85.0,8,8,0
68116,967,832,46.0,12,12,0
68117,967,830,192.0,5,5,1
68120,967,815,97.0,7,7,0
68125,967,8,178.0,6,6,0
68128,967,4,53.0,10,10,0
68131,967,839,0.0,23,23,0
68133,968,1,380.0,2,2,10
68134,968,20,212.0,4,4,0
68135,968,817,256.0,3,3,1
68139,968,822,85.0,8,8,0
68140,968,832,46.0,12,12,0
68141,968,830,204.0,5,5,1
68144,968,815,101.0,7,7,0
68149,968,8,186.0,6,6,0
68152,968,4,54.0,10,10,0
68155,968,839,0.0,23,23,0
68162,969,815,6.0,7,7,0
68163,969,832,4.0,8,8,0
68165,969,839,1.0,10,10,0
68167,969,841,0.0,12,12,0
68169,969,4,0.0,14,14,0
68171,969,840,0.0,16,16,0
68172,969,817,0.0,17,17,0
68176,970,20,43.0,1,1,1
68177,970,1,43.0,2,2,1
68178,970,822,23.0,4,4,0
68179,970,8,22.0,5,5,0
68180,970,830,25.0,3,3,0
68182,970,815,8.0,9,9,0
68183,970,832,10.0,7,7,0
68185,970,839,2.0,12,12,0
68187,970,841,0.0,15,15,0
68189,970,4,0.0,19,19,0
68191,970,840,0.0,20,20,0
68192,970,817,12.0,6,6,0
68196,971,20,68.0,1,1,2
68197,971,1,61.0,2,2,1
68198,971,822,38.0,3,3,0
68199,971,8,34.0,4,4,0
68200,971,830,25.0,5,5,0
68202,971,815,14.0,8,8,0
68203,971,832,10.0,9,9,0
68205,971,839,3.0,12,12,0
68207,971,841,0.0,16,16,0
68209,971,4,0.0,19,19,0
68211,971,840,0.0,21,21,0
68212,971,817,22.0,6,6,0
68217,972,20,86.0,1,1,2
68218,972,1,73.0,2,2,1
68219,972,822,63.0,3,3,1
68220,972,8,49.0,4,4,0
68221,972,830,35.0,5,5,0
68223,972,815,22.0,7,7,0
68224,972,832,11.0,9,9,0
68226,972,839,9.0,10,10,0
68228,972,841,0.0,17,17,0
68230,972,4,0.0,20,20,0
68232,972,840,0.0,16,16,0
68233,972,817,22.0,6,6,0
68238,973,20,104.0,1,1,2
68239,973,1,98.0,2,2,2
68240,973,822,63.0,3,3,1
68241,973,8,49.0,4,4,0
68242,973,830,35.0,6,6,0
68244,973,815,34.0,7,7,0
68245,973,832,17.0,10,10,0
68247,973,839,19.0,8,8,0
68249,973,841,0.0,19,19,0
68251,973,4,0.0,18,18,0
68253,973,840,0.0,17,17,0
68254,973,817,37.0,5,5,0
68259,974,20,129.0,1,1,3
68260,974,1,104.0,2,2,2
68261,974,822,75.0,3,3,1
68262,974,8,67.0,4,4,0
68263,974,830,45.0,6,6,0
68265,974,815,34.0,7,7,0
68266,974,832,25.0,8,8,0
68268,974,839,19.0,10,10,0
68270,974,841,0.0,20,20,0
68272,974,4,0.0,19,19,0
68274,974,840,0.0,18,18,0
68275,974,817,52.0,5,5,0
68281,975,20,141.0,1,1,3
68282,975,1,129.0,2,2,3
68283,975,822,93.0,3,3,1
68284,975,8,73.0,4,4,0
68285,975,830,45.0,6,6,0
68287,975,815,44.0,7,7,0
68288,975,832,25.0,9,9,0
68290,975,839,27.0,8,8,0
68292,975,841,0.0,20,20,0
68294,975,4,0.0,19,19,0
68296,975,840,2.0,16,16,0
68297,975,817,67.0,5,5,0
68303,976,20,153.0,1,1,3
68304,976,1,139.0,2,2,3
68305,976,822,111.0,3,3,1
68306,976,8,73.0,5,5,0
68307,976,830,45.0,6,6,0
68309,976,815,44.0,7,7,0
68310,976,832,29.0,9,9,0
68312,976,839,35.0,8,8,0
68314,976,841,0.0,21,21,0
68316,976,4,2.0,17,17,0
68318,976,840,17.0,12,12,0
68319,976,817,92.0,4,4,1
68325,977,20,171.0,1,1,3
68326,977,1,151.0,2,2,3
68327,977,822,136.0,3,3,2
68328,977,8,83.0,5,5,0
68329,977,830,45.0,7,7,0
68331,977,815,50.0,6,6,0
68332,977,832,29.0,9,9,0
68334,977,839,39.0,8,8,0
68336,977,841,0.0,21,21,0
68338,977,4,2.0,17,17,0
68340,977,840,18.0,11,11,0
68341,977,817,107.0,4,4,1
68347,978,20,177.0,1,1,3
68348,978,1,176.0,2,2,4
68349,978,822,154.0,3,3,2
68350,978,8,98.0,5,5,0
68351,978,830,57.0,6,6,0
68353,978,815,52.0,7,7,0
68354,978,832,29.0,9,9,0
68356,978,839,43.0,8,8,0
68358,978,841,0.0,21,21,0
68360,978,4,2.0,17,17,0
68362,978,840,18.0,12,12,0
68363,978,817,117.0,4,4,1
68369,979,20,202.0,1,1,4
68370,979,1,188.0,2,2,4
68371,979,822,169.0,3,3,2
68372,979,8,116.0,5,5,0
68373,979,830,67.0,6,6,0
68375,979,815,56.0,7,7,0
68376,979,832,35.0,9,9,0
68378,979,839,45.0,8,8,0
68380,979,841,0.0,21,21,0
68382,979,4,10.0,15,15,0
68384,979,840,18.0,12,12,0
68385,979,817,117.0,4,4,1
68392,980,20,220.0,1,1,4
68393,980,1,213.0,2,2,5
68394,980,822,179.0,3,3,2
68395,980,8,128.0,5,5,0
68396,980,830,67.0,6,6,0
68398,980,815,56.0,7,7,0
68399,980,832,36.0,9,9,0
68401,980,839,47.0,8,8,0
68403,980,841,0.0,21,21,0
68405,980,4,10.0,15,15,0
68407,980,840,18.0,13,13,0
68408,980,817,132.0,4,4,1
68415,981,20,235.0,2,2,4
68416,981,1,238.0,1,1,6
68417,981,822,197.0,3,3,2
68418,981,8,138.0,5,5,0
68419,981,830,68.0,6,6,0
68421,981,815,58.0,7,7,0
68422,981,832,36.0,9,9,0
68424,981,839,55.0,8,8,0
68426,981,841,0.0,21,21,0
68428,981,4,10.0,15,15,0
68430,981,840,24.0,12,12,0
68431,981,817,144.0,4,4,1
68438,982,20,235.0,2,2,4
68439,982,1,263.0,1,1,7
68440,982,822,212.0,3,3,2
68441,982,8,138.0,5,5,0
68442,982,830,68.0,6,6,0
68444,982,815,68.0,7,7,0
68445,982,832,48.0,9,9,0
68447,982,839,56.0,8,8,0
68449,982,841,0.0,21,21,0
68451,982,4,10.0,15,15,0
68453,982,840,28.0,12,12,0
68454,982,817,162.0,4,4,1
68461,983,20,247.0,2,2,4
68462,983,1,281.0,1,1,7
68463,983,822,222.0,3,3,2
68464,983,8,138.0,5,5,0
68465,983,830,93.0,6,6,1
68467,983,815,76.0,7,7,0
68468,983,832,48.0,9,9,0
68470,983,839,57.0,8,8,0
68472,983,841,0.0,21,21,0
68474,983,4,10.0,16,16,0
68476,983,840,32.0,12,12,0
68477,983,817,177.0,4,4,1
68484,983,842,0.0,22,22,0
68485,984,20,247.0,2,2,4
68486,984,1,306.0,1,1,8
68487,984,822,234.0,3,3,2
68488,984,8,148.0,5,5,0
68489,984,830,111.0,6,6,1
68491,984,815,82.0,7,7,0
68492,984,832,48.0,9,9,0
68494,984,839,65.0,8,8,0
68496,984,841,0.0,21,21,0
68498,984,4,10.0,16,16,0
68500,984,840,32.0,12,12,0
68501,984,817,192.0,4,4,1
68508,984,842,0.0,22,22,0
68509,985,20,265.0,2,2,4
68510,985,1,331.0,1,1,9
68511,985,822,244.0,3,3,2
68512,985,8,163.0,5,5,0
68513,985,830,123.0,6,6,1
68515,985,815,86.0,7,7,0
68516,985,832,54.0,9,9,0
68518,985,839,73.0,8,8,0
68520,985,841,0.0,21,21,0
68522,985,4,10.0,16,16,0
68524,985,840,32.0,12,12,0
68525,985,817,192.0,4,4,1
68532,985,842,0.0,22,22,0
68534,986,20,277.0,2,2,4
68535,986,1,333.0,1,1,9
68536,986,822,262.0,3,3,2
68537,986,8,178.0,5,5,0
68538,986,830,148.0,6,6,2
68540,986,815,92.0,7,7,0
68541,986,832,54.0,9,9,0
68543,986,839,83.0,8,8,0
68545,986,841,0.0,21,21,0
68547,986,4,11.0,16,16,0
68549,986,840,40.0,10,10,0
68550,986,817,192.0,4,4,1
68557,986,842,0.0,22,22,0
68559,987,20,302.0,2,2,5
68560,987,1,345.0,1,1,9
68561,987,822,280.0,3,3,2
68562,987,8,193.0,5,5,0
68563,987,830,158.0,6,6,2
68565,987,815,94.0,7,7,0
68566,987,832,54.0,9,9,0
68568,987,839,83.0,8,8,0
68570,987,841,0.0,22,22,0
68572,987,4,15.0,15,15,0
68574,987,840,40.0,11,11,0
68575,987,817,200.0,4,4,1
68582,987,842,0.0,21,21,0
68584,988,20,317.0,2,2,5
68585,988,1,363.0,1,1,9
68586,988,822,305.0,3,3,3
68587,988,8,205.0,4,4,0
68588,988,830,168.0,6,6,2
68590,988,815,100.0,7,7,0
68591,988,832,54.0,9,9,0
68593,988,839,87.0,8,8,0
68595,988,841,0.0,22,22,0
68597,988,4,17.0,15,15,0
68599,988,840,40.0,12,12,0
68600,988,817,200.0,5,5,1
68607,988,842,0.0,21,21,0
68609,989,20,25.0,1,1,1
68610,989,1,18.0,2,2,0
68611,989,8,15.0,3,3,0
68612,989,817,12.0,4,4,0
68613,989,4,10.0,5,5,0
68614,989,830,8.0,6,6,0
68616,989,822,4.0,8,8,0
68618,989,832,1.0,10,10,0
68619,989,815,0.0,11,11,0
68620,989,839,0.0,12,12,0
68621,989,844,0.0,13,13,0
68622,989,840,0.0,14,14,0
68626,989,842,0.0,18,18,0
68693,990,4,16.0,4,4,0
68694,990,830,8.0,10,10,0
68701,990,844,0.0,16,16,0
68709,992,20,66.0,2,2,2
68706,990,842,12.0,7,7,0
68691,990,8,15.0,5,5,0
68702,990,840,0.0,18,18,0
68700,990,839,1.0,14,14,0
68699,990,815,0.0,15,15,0
68698,990,832,1.0,13,13,0
68696,990,822,22.0,3,3,0
68692,990,817,12.0,8,8,0
68689,990,20,50.0,1,1,2
68690,990,1,33.0,2,2,0
68669,991,20,54.0,1,1,2
68670,991,1,45.0,2,2,0
68671,991,8,30.0,5,5,0
68672,991,817,37.0,4,4,1
68673,991,4,22.0,6,6,0
68674,991,830,18.0,8,8,0
68676,991,822,40.0,3,3,0
68678,991,832,3.0,12,12,0
68679,991,815,0.0,15,15,0
68680,991,839,1.0,14,14,0
68681,991,844,0.0,16,16,0
68682,991,840,0.0,18,18,0
68686,991,842,12.0,9,9,0
68710,992,1,70.0,1,1,1
68711,992,8,48.0,3,3,0
68712,992,817,37.0,5,5,1
68713,992,4,28.0,6,6,0
68714,992,830,18.0,8,8,0
68716,992,822,40.0,4,4,0
68718,992,832,13.0,10,10,0
68719,992,815,15.0,9,9,0
68720,992,839,1.0,17,17,0
68721,992,844,8.0,13,13,0
68722,992,840,4.0,15,15,0
68726,992,842,12.0,11,11,0
68729,993,20,78.0,2,2,2
68730,993,1,95.0,1,1,2
68731,993,8,48.0,4,4,0
68732,993,817,47.0,5,5,1
68733,993,4,32.0,7,7,0
68734,993,830,33.0,6,6,0
68736,993,822,58.0,3,3,0
68738,993,832,19.0,10,10,0
68739,993,815,17.0,11,11,0
68740,993,839,1.0,17,17,0
68741,993,844,9.0,13,13,0
68742,993,840,4.0,15,15,0
68746,993,842,12.0,12,12,0
68749,994,20,96.0,2,2,2
68750,994,1,110.0,1,1,2
68751,994,8,60.0,5,5,0
68752,994,817,72.0,3,3,2
68753,994,4,32.0,7,7,0
68754,994,830,35.0,6,6,0
68756,994,822,68.0,4,4,0
68758,994,832,20.0,9,9,0
68759,994,815,17.0,12,12,0
68760,994,839,9.0,13,13,0
68761,994,844,9.0,14,14,0
68762,994,840,4.0,16,16,0
68766,994,842,18.0,11,11,0
68769,995,20,121.0,1,1,3
68770,995,1,120.0,2,2,2
68771,995,8,68.0,5,5,0
68772,995,817,84.0,4,4,2
68773,995,4,32.0,7,7,0
68774,995,830,50.0,6,6,0
68776,995,822,86.0,3,3,0
68778,995,832,24.0,9,9,0
68779,995,815,17.0,12,12,0
68780,995,839,11.0,13,13,0
68781,995,844,10.0,14,14,0
68782,995,840,4.0,16,16,0
68786,995,842,18.0,11,11,0
68789,996,20,131.0,2,2,3
68790,996,1,145.0,1,1,3
68791,996,8,83.0,5,5,0
68792,996,817,96.0,3,3,2
68793,996,4,32.0,8,8,0
68794,996,830,68.0,6,6,0
68796,996,822,92.0,4,4,0
68798,996,832,28.0,9,9,0
68799,996,815,17.0,12,12,0
68800,996,839,11.0,13,13,0
68801,996,844,11.0,14,14,0
68802,996,840,4.0,16,16,0
68806,996,842,18.0,11,11,0
68809,997,20,146.0,1,1,3
68810,997,1,145.0,2,2,3
68811,997,8,101.0,3,3,0
68812,997,817,96.0,4,4,2
68813,997,4,36.0,8,8,0
68814,997,830,93.0,5,5,1
68816,997,822,92.0,6,6,0
68818,997,832,28.0,10,10,0
68819,997,815,23.0,11,11,0
68820,997,839,19.0,12,12,0
68821,997,844,13.0,14,14,0
68822,997,840,4.0,17,17,0
68826,997,842,18.0,13,13,0
68829,998,20,171.0,1,1,4
68830,998,1,163.0,2,2,3
68831,998,8,116.0,3,3,0
68832,998,817,106.0,4,4,2
68833,998,4,40.0,8,8,0
68834,998,830,93.0,6,6,1
68836,998,822,104.0,5,5,0
68838,998,832,28.0,10,10,0
68839,998,815,24.0,12,12,0
68840,998,839,25.0,11,11,0
68841,998,844,13.0,14,14,0
68842,998,840,4.0,17,17,0
68846,998,842,18.0,13,13,0
68849,999,20,171.0,2,2,4
68850,999,1,188.0,1,1,4
68851,999,8,131.0,3,3,0
68852,999,817,106.0,5,5,2
68853,999,4,40.0,8,8,0
68854,999,830,105.0,6,6,1
68856,999,822,122.0,4,4,0
68858,999,832,28.0,12,12,0
68859,999,815,30.0,10,10,0
68860,999,839,29.0,11,11,0
68861,999,844,13.0,15,15,0
68862,999,840,4.0,18,18,0
68866,999,842,18.0,14,14,0
68869,1000,20,189.0,2,2,4
68870,1000,1,213.0,1,1,5
68871,1000,8,146.0,3,3,0
68872,1000,817,118.0,5,5,2
68873,1000,4,44.0,9,9,0
68874,1000,830,105.0,6,6,1
68876,1000,822,132.0,4,4,0
68878,1000,832,30.0,11,11,0
68879,1000,815,30.0,10,10,0
68880,1000,839,29.0,12,12,0
68881,1000,844,13.0,15,15,0
68882,1000,840,4.0,18,18,0
68886,1000,842,26.0,13,13,0
68889,1001,20,214.0,2,2,5
68890,1001,1,231.0,1,1,5
68891,1001,8,146.0,3,3,0
68892,1001,817,118.0,6,6,2
68893,1001,4,44.0,9,9,0
68894,1001,830,120.0,5,5,1
68896,1001,822,144.0,4,4,0
68898,1001,832,30.0,12,12,0
68899,1001,815,40.0,10,10,0
68900,1001,839,37.0,11,11,0
68901,1001,844,13.0,15,15,0
68902,1001,840,4.0,18,18,0
68906,1001,842,28.0,13,13,0
68966,1002,842,28.0,13,13,0
68958,1002,832,34.0,12,12,0
68956,1002,822,159.0,4,4,0
68952,1002,817,118.0,6,6,2
68962,1002,840,6.0,17,17,0
68960,1002,839,45.0,10,10,0
68961,1002,844,13.0,15,15,0
68959,1002,815,46.0,9,9,0
68954,1002,830,130.0,5,5,1
68953,1002,4,44.0,11,11,0
68949,1002,20,226.0,2,2,5
68950,1002,1,256.0,1,1,6
68951,1002,8,164.0,3,3,0
68969,1003,20,241.0,2,2,5
68970,1003,1,281.0,1,1,7
68971,1003,8,174.0,3,3,0
68972,1003,817,126.0,6,6,2
68973,1003,4,50.0,8,8,0
68974,1003,830,148.0,5,5,1
68976,1003,822,171.0,4,4,0
68978,1003,832,38.0,12,12,0
68979,1003,815,46.0,10,10,0
68980,1003,839,45.0,11,11,0
68981,1003,844,15.0,15,15,0
68982,1003,840,6.0,17,17,0
68986,1003,842,28.0,13,13,0
68989,1004,20,256.0,2,2,5
68990,1004,1,306.0,1,1,8
68991,1004,8,186.0,4,4,0
68992,1004,817,134.0,6,6,2
68993,1004,4,50.0,9,9,0
68994,1004,830,158.0,5,5,1
68996,1004,822,189.0,3,3,0
68998,1004,832,38.0,12,12,0
68999,1004,815,47.0,10,10,0
69000,1004,839,47.0,11,11,0
69001,1004,844,21.0,15,15,0
69002,1004,840,6.0,17,17,0
69006,1004,842,28.0,13,13,0
69009,1005,20,264.0,2,2,5
69010,1005,1,331.0,1,1,9
69011,1005,8,196.0,4,4,0
69012,1005,817,146.0,6,6,2
69013,1005,4,50.0,10,10,0
69014,1005,830,173.0,5,5,1
69016,1005,822,207.0,3,3,0
69018,1005,832,39.0,12,12,0
69019,1005,815,53.0,7,7,0
69020,1005,839,49.0,11,11,0
69021,1005,844,21.0,15,15,0
69022,1005,840,6.0,17,17,0
69026,1005,842,28.0,14,14,0
69062,1006,840,6.0,18,18,0
69060,1006,839,49.0,11,11,0
69058,1006,832,45.0,12,12,0
69056,1006,822,217.0,4,4,0
69054,1006,830,191.0,5,5,1
69052,1006,817,146.0,6,6,2
69050,1006,1,346.0,1,1,9
69066,1006,842,28.0,14,14,0
69061,1006,844,21.0,15,15,0
69053,1006,4,50.0,10,10,0
69059,1006,815,57.0,8,8,0
69051,1006,8,221.0,3,3,1
69049,1006,20,276.0,2,2,5
69069,1007,20,294.0,2,2,5
69070,1007,1,358.0,1,1,9
69071,1007,8,236.0,3,3,1
69072,1007,817,146.0,6,6,2
69073,1007,4,50.0,10,10,0
69074,1007,830,216.0,5,5,2
69076,1007,822,227.0,4,4,0
69078,1007,832,45.0,12,12,0
69079,1007,815,57.0,8,8,0
69080,1007,839,49.0,11,11,0
69081,1007,844,27.0,15,15,0
69082,1007,840,6.0,18,18,0
69086,1007,842,29.0,14,14,0
69089,1008,20,302.0,2,2,5
69090,1008,1,383.0,1,1,10
69091,1008,8,251.0,3,3,1
69092,1008,817,158.0,6,6,2
69093,1008,4,50.0,10,10,0
69094,1008,830,234.0,5,5,2
69096,1008,822,237.0,4,4,0
69098,1008,832,45.0,12,12,0
69099,1008,815,58.0,8,8,0
69100,1008,839,49.0,11,11,0
69101,1008,844,33.0,14,14,0
69102,1008,840,6.0,18,18,0
69106,1008,842,29.0,15,15,0
69109,1009,20,320.0,2,2,5
69110,1009,1,408.0,1,1,11
69111,1009,8,251.0,3,3,1
69112,1009,817,170.0,6,6,2
69113,1009,4,50.0,11,11,0
69114,1009,830,249.0,4,4,2
69116,1009,822,247.0,5,5,0
69118,1009,832,53.0,10,10,0
69119,1009,815,62.0,8,8,0
69120,1009,839,49.0,12,12,0
69121,1009,844,39.0,13,13,0
69122,1009,840,6.0,18,18,0
69126,1009,842,29.0,15,15,0
69768,1010,832,0.0,20,20,0
69767,1010,817,0.0,19,19,0
69765,1010,9,0.0,17,17,0
69764,1010,847,0.0,16,16,0
69763,1010,841,0.0,15,15,0
69761,1010,815,0.0,13,13,0
69760,1010,846,0.0,12,12,0
69750,1010,1,18.0,2,2,0
69230,1012,1,68.0,1,1,2
69759,1010,842,0.0,11,11,0
69757,1010,840,2.0,9,9,0
69756,1010,8,4.0,8,8,0
69753,1010,844,10.0,5,5,0
69752,1010,20,12.0,4,4,0
69751,1010,830,15.0,3,3,0
69749,1010,822,26.0,1,1,1
69229,1012,822,62.0,2,2,1
69227,1011,817,0.0,18,18,0
69224,1011,847,0.0,16,16,0
69219,1011,842,4.0,10,10,0
69216,1011,8,10.0,6,6,0
69211,1011,830,27.0,3,3,0
69228,1011,832,0.0,20,20,0
69223,1011,841,0.0,15,15,0
69225,1011,9,0.0,17,17,0
69220,1011,846,8.0,7,7,0
69221,1011,815,1.0,14,14,0
69217,1011,840,2.0,12,12,0
69213,1011,844,26.0,4,4,0
69212,1011,20,22.0,5,5,0
69210,1011,1,43.0,2,2,1
69209,1011,822,44.0,1,1,1
69231,1012,830,39.0,3,3,0
69232,1012,20,37.0,4,4,0
69233,1012,844,36.0,5,5,0
69236,1012,8,12.0,7,7,0
69237,1012,840,2.0,14,14,0
69239,1012,842,13.0,6,6,0
69240,1012,846,8.0,8,8,0
69241,1012,815,5.0,12,12,0
69243,1012,841,0.0,16,16,0
69244,1012,847,0.0,19,19,0
69245,1012,9,0.0,20,20,0
69247,1012,817,6.0,11,11,0
69248,1012,832,0.0,18,18,0
69249,1013,822,87.0,1,1,2
69250,1013,1,86.0,2,2,2
69251,1013,830,51.0,4,4,0
69252,1013,20,52.0,3,3,0
69253,1013,844,47.0,5,5,0
69256,1013,8,13.0,8,8,0
69257,1013,840,4.0,14,14,0
69259,1013,842,13.0,7,7,0
69260,1013,846,12.0,9,9,0
69261,1013,815,13.0,6,6,0
69263,1013,841,0.0,17,17,0
69264,1013,847,0.0,19,19,0
69265,1013,9,0.0,20,20,0
69267,1013,817,6.0,13,13,0
69268,1013,832,6.0,12,12,0
69308,1014,832,10.0,11,11,0
69307,1014,817,6.0,12,12,0
69305,1014,9,0.0,20,20,0
69303,1014,841,0.0,18,18,0
69299,1014,842,21.0,6,6,0
69297,1014,840,4.0,14,14,0
69296,1014,8,13.0,9,9,0
69293,1014,844,57.0,5,5,0
69291,1014,830,66.0,3,3,0
69290,1014,1,112.0,1,1,3
69301,1014,815,13.0,8,8,0
69300,1014,846,12.0,10,10,0
69289,1014,822,105.0,2,2,2
69304,1014,847,0.0,19,19,0
69292,1014,20,64.0,4,4,0
69309,1015,822,120.0,2,2,2
69310,1015,1,137.0,1,1,4
69311,1015,830,78.0,4,4,0
69312,1015,20,82.0,3,3,0
69313,1015,844,57.0,5,5,0
69316,1015,8,13.0,10,10,0
69317,1015,840,4.0,16,16,0
69319,1015,842,32.0,6,6,0
69320,1015,846,12.0,11,11,0
69321,1015,815,13.0,9,9,0
69323,1015,841,0.0,18,18,0
69324,1015,847,0.0,19,19,0
69325,1015,9,0.0,20,20,0
69327,1015,817,8.0,13,13,0
69328,1015,832,18.0,7,7,0
69329,1016,822,133.0,2,2,2
69330,1016,1,162.0,1,1,5
69331,1016,830,88.0,4,4,0
69332,1016,20,100.0,3,3,0
69333,1016,844,72.0,5,5,0
69336,1016,8,13.0,11,11,0
69337,1016,840,6.0,16,16,0
69339,1016,842,36.0,6,6,0
69340,1016,846,12.0,12,12,0
69341,1016,815,13.0,10,10,0
69343,1016,841,0.0,18,18,0
69344,1016,847,0.0,19,19,0
69345,1016,9,0.0,20,20,0
69347,1016,817,16.0,8,8,0
69348,1016,832,18.0,7,7,0
69424,1017,847,0.0,19,19,0
69428,1017,832,26.0,7,7,0
69416,1017,8,19.0,8,8,0
69417,1017,840,6.0,16,16,0
69409,1017,822,151.0,2,2,2
69427,1017,817,16.0,9,9,0
69425,1017,9,0.0,20,20,0
69423,1017,841,0.0,18,18,0
69421,1017,815,13.0,13,13,0
69419,1017,842,37.0,6,6,0
69420,1017,846,14.0,12,12,0
69413,1017,844,87.0,5,5,0
69412,1017,20,111.0,3,3,0
69411,1017,830,100.0,4,4,0
69410,1017,1,187.0,1,1,6
69429,1018,822,166.0,2,2,2
69430,1018,1,197.0,1,1,6
69431,1018,830,126.0,3,3,1
69432,1018,20,123.0,4,4,0
69433,1018,844,105.0,5,5,0
69436,1018,8,21.0,9,9,0
69437,1018,840,6.0,16,16,0
69439,1018,842,43.0,6,6,0
69440,1018,846,22.0,8,8,0
69441,1018,815,13.0,13,13,0
69443,1018,841,1.0,18,18,0
69444,1018,847,0.0,19,19,0
69445,1018,9,0.0,20,20,0
69447,1018,817,16.0,10,10,0
69448,1018,832,30.0,7,7,0
69449,1019,822,184.0,2,2,2
69450,1019,1,223.0,1,1,7
69451,1019,830,136.0,3,3,1
69452,1019,20,123.0,4,4,0
69453,1019,844,120.0,5,5,0
69456,1019,8,25.0,8,8,0
69457,1019,840,6.0,16,16,0
69459,1019,842,55.0,6,6,0
69460,1019,846,22.0,9,9,0
69461,1019,815,13.0,13,13,0
69463,1019,841,1.0,18,18,0
69464,1019,847,0.0,19,19,0
69465,1019,9,0.0,20,20,0
69467,1019,817,22.0,10,10,0
69468,1019,832,38.0,7,7,0
69508,1020,832,48.0,7,7,0
69507,1020,817,22.0,11,11,0
69505,1020,9,1.0,19,19,0
69501,1020,815,13.0,16,16,0
69500,1020,846,22.0,10,10,0
69499,1020,842,55.0,6,6,0
69497,1020,840,18.0,12,12,0
69496,1020,8,25.0,9,9,0
69490,1020,1,225.0,1,1,7
69503,1020,841,1.0,18,18,0
69489,1020,822,184.0,2,2,2
69504,1020,847,0.0,20,20,0
69491,1020,830,162.0,3,3,2
69492,1020,20,141.0,4,4,0
69493,1020,844,120.0,5,5,0
69509,1021,822,188.0,2,2,2
69510,1021,1,250.0,1,1,8
69511,1021,830,181.0,3,3,2
69512,1021,20,156.0,4,4,0
69513,1021,844,132.0,5,5,0
69516,1021,8,31.0,8,8,0
69517,1021,840,18.0,12,12,0
69519,1021,842,63.0,6,6,0
69520,1021,846,24.0,10,10,0
69521,1021,815,13.0,16,16,0
69523,1021,841,1.0,18,18,0
69524,1021,847,0.0,20,20,0
69525,1021,9,1.0,19,19,0
69527,1021,817,22.0,11,11,0
69528,1021,832,58.0,7,7,0
69529,1022,822,203.0,2,2,2
69530,1022,1,268.0,1,1,8
69531,1022,830,181.0,3,3,2
69532,1022,20,169.0,4,4,0
69533,1022,844,157.0,5,5,1
69536,1022,8,31.0,9,9,0
69537,1022,840,19.0,15,15,0
69539,1022,842,65.0,6,6,0
69540,1022,846,24.0,11,11,0
69541,1022,815,21.0,13,13,0
69543,1022,841,1.0,18,18,0
69544,1022,847,0.0,20,20,0
69545,1022,9,1.0,19,19,0
69547,1022,817,22.0,12,12,0
69548,1022,832,58.0,7,7,0
69549,1023,822,221.0,2,2,2
69550,1023,1,284.0,1,1,8
69551,1023,830,185.0,3,3,2
69552,1023,20,169.0,5,5,0
69553,1023,844,182.0,4,4,2
69556,1023,8,31.0,12,12,0
69557,1023,840,19.0,15,15,0
69559,1023,842,65.0,6,6,0
69560,1023,846,25.0,14,14,0
69561,1023,815,27.0,13,13,0
69563,1023,841,3.0,18,18,0
69564,1023,847,0.0,20,20,0
69565,1023,9,1.0,19,19,0
69567,1023,817,34.0,8,8,0
69568,1023,832,58.0,7,7,0
69569,1024,822,231.0,2,2,2
69570,1024,1,296.0,1,1,8
69571,1024,830,200.0,4,4,2
69572,1024,20,194.0,5,5,1
69573,1024,844,200.0,3,3,2
69576,1024,8,31.0,13,13,0
69577,1024,840,19.0,15,15,0
69579,1024,842,69.0,6,6,0
69580,1024,846,31.0,12,12,0
69581,1024,815,27.0,14,14,0
69583,1024,841,4.0,18,18,0
69584,1024,847,0.0,20,20,0
69585,1024,9,1.0,19,19,0
69587,1024,817,34.0,9,9,0
69588,1024,832,58.0,7,7,0
69589,1025,822,249.0,2,2,2
69590,1025,1,322.0,1,1,9
69591,1025,830,212.0,4,4,2
69592,1025,20,194.0,5,5,1
69593,1025,844,215.0,3,3,2
69596,1025,8,31.0,14,14,0
69597,1025,840,19.0,16,16,0
69599,1025,842,69.0,6,6,0
69600,1025,846,35.0,9,9,0
69601,1025,815,33.0,13,13,0
69603,1025,841,4.0,18,18,0
69604,1025,847,0.0,20,20,0
69605,1025,9,1.0,19,19,0
69607,1025,817,34.0,10,10,0
69608,1025,832,66.0,7,7,0
69668,1026,832,76.0,6,6,0
69667,1026,817,34.0,12,12,0
69665,1026,9,1.0,19,19,0
69664,1026,847,0.0,20,20,0
69663,1026,841,4.0,18,18,0
69657,1026,840,21.0,15,15,0
69656,1026,8,31.0,14,14,0
69652,1026,20,212.0,5,5,1
69650,1026,1,338.0,1,1,9
69649,1026,822,274.0,2,2,3
69651,1026,830,212.0,4,4,2
69659,1026,842,75.0,7,7,0
69660,1026,846,35.0,10,10,0
69661,1026,815,37.0,9,9,0
69653,1026,844,223.0,3,3,2
69688,1027,832,76.0,7,7,0
69687,1027,817,38.0,10,10,0
69685,1027,9,1.0,19,19,0
69684,1027,847,0.0,20,20,0
69683,1027,841,4.0,18,18,0
69679,1027,842,77.0,6,6,0
69677,1027,840,21.0,15,15,0
69676,1027,8,31.0,14,14,0
69672,1027,20,230.0,4,4,1
69670,1027,1,363.0,1,1,10
69669,1027,822,289.0,2,2,3
69671,1027,830,220.0,5,5,2
69680,1027,846,35.0,12,12,0
69681,1027,815,43.0,9,9,0
69673,1027,844,236.0,3,3,2
69689,1028,822,314.0,2,2,4
69690,1028,1,381.0,1,1,10
69691,1028,830,235.0,4,4,2
69692,1028,20,230.0,5,5,1
69693,1028,844,249.0,3,3,2
69696,1028,8,31.0,14,14,0
69697,1028,840,21.0,15,15,0
69699,1028,842,77.0,8,8,0
69700,1028,846,41.0,11,11,0
69701,1028,815,44.0,10,10,0
69703,1028,841,4.0,18,18,0
69704,1028,847,0.0,20,20,0
69705,1028,9,1.0,19,19,0
69707,1028,817,46.0,9,9,0
69708,1028,832,80.0,7,7,0
69709,1029,822,314.0,2,2,4
69710,1029,1,387.0,1,1,10
69711,1029,830,260.0,3,3,3
69712,1029,20,230.0,5,5,1
69713,1029,844,249.0,4,4,2
69716,1029,8,43.0,12,12,0
69717,1029,840,21.0,15,15,0
69719,1029,842,95.0,6,6,0
69720,1029,846,45.0,11,11,0
69721,1029,815,46.0,10,10,0
69723,1029,841,14.0,17,17,0
69724,1029,847,0.0,20,20,0
69725,1029,9,1.0,19,19,0
69727,1029,817,54.0,9,9,0
69728,1029,832,95.0,7,7,0
69729,1030,822,326.0,2,2,4
69730,1030,1,413.0,1,1,11
69731,1030,830,278.0,3,3,3
69732,1030,20,240.0,5,5,1
69733,1030,844,264.0,4,4,2
69736,1030,8,43.0,12,12,0
69737,1030,840,21.0,15,15,0
69739,1030,842,95.0,7,7,0
69740,1030,846,49.0,11,11,0
69741,1030,815,52.0,10,10,0
69743,1030,841,14.0,17,17,0
69744,1030,847,0.0,20,20,0
69745,1030,9,1.0,19,19,0
69747,1030,817,54.0,9,9,0
69748,1030,832,96.0,6,6,0
69888,1034,830,52.0,3,3,0
69887,1034,817,20.0,9,9,0
69886,1034,840,20.0,8,8,0
69883,1034,847,0.0,19,19,0
69882,1034,8,0.0,18,18,0
69879,1034,849,0.0,17,17,0
69878,1034,20,10.0,13,13,0
69877,1034,841,2.0,14,14,0
69876,1034,839,12.0,11,11,0
69875,1034,842,12.0,12,12,0
69874,1034,815,22.0,7,7,0
69873,1034,832,15.0,10,10,0
69872,1034,1,88.0,1,1,3
69871,1034,846,36.0,4,4,0
69870,1034,844,33.0,5,5,0
69869,1034,822,58.0,2,2,1
70016,1040,844,57.0,7,7,0
70014,1031,830,0.0,20,20,0
70012,1031,840,0.0,18,18,0
70008,1031,8,0.0,14,14,0
70015,1040,822,161.0,2,2,2
70013,1031,817,0.0,19,19,0
70009,1031,847,0.0,15,15,0
70005,1031,849,0.0,11,11,0
70004,1031,20,1.0,10,10,0
70003,1031,841,2.0,9,9,0
70002,1031,839,4.0,8,8,0
70001,1031,842,6.0,7,7,0
70000,1031,815,8.0,6,6,0
69999,1031,832,10.0,5,5,0
69998,1031,1,12.0,4,4,0
69997,1031,846,16.0,3,3,0
69996,1031,844,18.0,2,2,0
69995,1031,822,25.0,1,1,1
69809,1032,822,43.0,1,1,1
69810,1032,844,18.0,4,4,0
69811,1032,846,26.0,3,3,0
69812,1032,1,37.0,2,2,1
69813,1032,832,13.0,7,7,0
69814,1032,815,16.0,5,5,0
69815,1032,842,6.0,9,9,0
69816,1032,839,4.0,11,11,0
69817,1032,841,2.0,13,13,0
69818,1032,20,1.0,15,15,0
69819,1032,849,0.0,16,16,0
69822,1032,8,0.0,17,17,0
69823,1032,847,0.0,20,20,0
69826,1032,840,6.0,10,10,0
69827,1032,817,4.0,12,12,0
69828,1032,830,15.0,6,6,0
69868,1033,830,33.0,3,3,0
69866,1033,840,18.0,8,8,0
69863,1033,847,0.0,20,20,0
69858,1033,20,9.0,10,10,0
69856,1033,839,4.0,13,13,0
69854,1033,815,22.0,6,6,0
69852,1033,1,63.0,1,1,2
69850,1033,844,18.0,7,7,0
69849,1033,822,58.0,2,2,1
69853,1033,832,15.0,9,9,0
69851,1033,846,26.0,4,4,0
69867,1033,817,8.0,11,11,0
69855,1033,842,6.0,12,12,0
69862,1033,8,0.0,17,17,0
69859,1033,849,0.0,18,18,0
69857,1033,841,2.0,14,14,0
69890,1035,822,73.0,3,3,1
69891,1035,844,45.0,4,4,0
69892,1035,846,38.0,5,5,0
69893,1035,1,107.0,1,1,3
69894,1035,832,15.0,11,11,0
69895,1035,815,22.0,8,8,0
69896,1035,842,12.0,12,12,0
69897,1035,839,16.0,10,10,0
69898,1035,841,2.0,15,15,0
69899,1035,20,10.0,13,13,0
69900,1035,849,0.0,19,19,0
69903,1035,8,0.0,18,18,0
69904,1035,847,0.0,20,20,0
69907,1035,840,28.0,7,7,0
69908,1035,817,20.0,9,9,0
69909,1035,830,77.0,2,2,1
69911,1036,822,89.0,3,3,1
69912,1036,844,45.0,4,4,0
69913,1036,846,39.0,7,7,0
69914,1036,1,132.0,1,1,4
69915,1036,832,23.0,9,9,0
69916,1036,815,32.0,8,8,0
69917,1036,842,14.0,13,13,0
69918,1036,839,16.0,12,12,0
69919,1036,841,2.0,15,15,0
69920,1036,20,16.0,11,11,0
69921,1036,849,0.0,19,19,0
69924,1036,8,0.0,18,18,0
69925,1036,847,0.0,20,20,0
69928,1036,840,40.0,5,5,0
69929,1036,817,20.0,10,10,0
69930,1036,830,95.0,2,2,1
69932,1037,822,107.0,3,3,1
69933,1037,844,45.0,5,5,0
69934,1037,846,45.0,6,6,0
69935,1037,1,157.0,1,1,5
69936,1037,832,23.0,11,11,0
69937,1037,815,33.0,9,9,0
69938,1037,842,18.0,12,12,0
69939,1037,839,26.0,10,10,0
69940,1037,841,2.0,15,15,0
69941,1037,20,16.0,13,13,0
69942,1037,849,0.0,19,19,0
69945,1037,8,0.0,18,18,0
69946,1037,847,0.0,20,20,0
69949,1037,840,42.0,7,7,0
69950,1037,817,33.0,8,8,0
69951,1037,830,110.0,2,2,1
69953,1038,822,117.0,2,2,1
69954,1038,844,45.0,7,7,0
69955,1038,846,57.0,5,5,0
69956,1038,1,164.0,1,1,5
69957,1038,832,41.0,9,9,0
69958,1038,815,34.0,11,11,0
69959,1038,842,43.0,8,8,1
69960,1038,839,30.0,12,12,0
69961,1038,841,2.0,16,16,0
69962,1038,20,16.0,13,13,0
69963,1038,849,0.0,18,18,0
69966,1038,8,0.0,19,19,0
69967,1038,847,0.0,21,21,0
69970,1038,840,57.0,4,4,0
69971,1038,817,41.0,10,10,0
69972,1038,830,110.0,3,3,1
69974,1039,822,135.0,2,2,1
69975,1039,844,49.0,8,8,0
69976,1039,846,65.0,4,4,0
69977,1039,1,190.0,1,1,6
69978,1039,832,41.0,11,11,0
69979,1039,815,44.0,9,9,0
69980,1039,842,43.0,10,10,1
69981,1039,839,30.0,12,12,0
69982,1039,841,2.0,17,17,0
69983,1039,20,17.0,13,13,0
69984,1039,849,0.0,19,19,0
69987,1039,8,2.0,16,16,0
69988,1039,847,0.0,20,20,0
69991,1039,840,57.0,6,6,0
69992,1039,817,53.0,7,7,0
69993,1039,830,110.0,3,3,1
70017,1040,846,65.0,4,4,0
70018,1040,1,205.0,1,1,6
70019,1040,832,41.0,11,11,0
70020,1040,815,56.0,9,9,0
70021,1040,842,45.0,10,10,1
70022,1040,839,36.0,12,12,0
70023,1040,841,2.0,17,17,0
70024,1040,20,17.0,13,13,0
70025,1040,849,0.0,19,19,0
70028,1040,8,2.0,16,16,0
70029,1040,847,0.0,20,20,0
70032,1040,840,57.0,8,8,0
70033,1040,817,63.0,6,6,0
70034,1040,830,128.0,3,3,1
70036,1041,822,161.0,2,2,2
70037,1041,844,63.0,8,8,0
70038,1041,846,65.0,6,6,0
70039,1041,1,230.0,1,1,7
70040,1041,832,51.0,11,11,0
70041,1041,815,68.0,5,5,0
70042,1041,842,53.0,10,10,1
70043,1041,839,36.0,12,12,0
70044,1041,841,3.0,16,16,0
70045,1041,20,17.0,13,13,0
70046,1041,849,0.0,20,20,0
70049,1041,8,2.0,17,17,0
70050,1041,847,0.0,21,21,0
70053,1041,840,57.0,9,9,0
70054,1041,817,78.0,4,4,0
70055,1041,830,147.0,3,3,1
70057,1042,822,179.0,2,2,2
70058,1042,844,75.0,5,5,0
70059,1042,846,65.0,7,7,0
70060,1042,1,256.0,1,1,8
70061,1042,832,59.0,10,10,0
70062,1042,815,74.0,6,6,0
70063,1042,842,63.0,9,9,1
70064,1042,839,40.0,12,12,0
70065,1042,841,3.0,16,16,0
70066,1042,20,18.0,13,13,0
70067,1042,849,0.0,20,20,0
70070,1042,8,2.0,17,17,0
70071,1042,847,0.0,21,21,0
70074,1042,840,57.0,11,11,0
70075,1042,817,80.0,4,4,0
70076,1042,830,162.0,3,3,1
70078,1043,822,197.0,2,2,2
70079,1043,844,85.0,5,5,0
70080,1043,846,69.0,7,7,0
70081,1043,1,282.0,1,1,9
70082,1043,832,65.0,8,8,0
70083,1043,815,82.0,6,6,0
70084,1043,842,63.0,10,10,1
70085,1043,839,40.0,12,12,0
70086,1043,841,4.0,17,17,0
70087,1043,20,18.0,14,14,0
70088,1043,849,0.0,20,20,0
70091,1043,8,4.0,16,16,0
70092,1043,847,0.0,21,21,0
70095,1043,840,57.0,11,11,0
70096,1043,817,95.0,4,4,0
70097,1043,830,162.0,3,3,1
70099,1044,822,197.0,2,2,2
70100,1044,844,97.0,5,5,0
70101,1044,846,74.0,8,8,0
70102,1044,1,307.0,1,1,10
70103,1044,832,75.0,7,7,0
70104,1044,815,100.0,4,4,0
70105,1044,842,63.0,10,10,1
70106,1044,839,40.0,12,12,0
70107,1044,841,4.0,17,17,0
70108,1044,20,33.0,13,13,0
70109,1044,849,0.0,20,20,0
70112,1044,8,4.0,16,16,0
70113,1044,847,0.0,21,21,0
70116,1044,840,59.0,11,11,0
70117,1044,817,96.0,6,6,0
70118,1044,830,170.0,3,3,1
70120,1045,822,201.0,2,2,2
70121,1045,844,98.0,6,6,0
70122,1045,846,86.0,7,7,0
70123,1045,1,332.0,1,1,11
70124,1045,832,85.0,8,8,0
70125,1045,815,100.0,5,5,0
70126,1045,842,71.0,10,10,1
70127,1045,839,42.0,12,12,0
70128,1045,841,4.0,17,17,0
70129,1045,20,33.0,13,13,0
70130,1045,849,0.0,20,20,0
70133,1045,8,4.0,16,16,0
70134,1045,847,0.0,21,21,0
70137,1045,840,59.0,11,11,0
70138,1045,817,102.0,4,4,0
70139,1045,830,189.0,3,3,1
70141,1046,822,205.0,2,2,2
70142,1046,844,98.0,6,6,0
70143,1046,846,87.0,9,9,0
70144,1046,1,332.0,1,1,11
70145,1046,832,97.0,7,7,0
70146,1046,815,125.0,4,4,1
70147,1046,842,71.0,11,11,1
70148,1046,839,60.0,12,12,0
70149,1046,841,4.0,17,17,0
70150,1046,20,33.0,13,13,0
70151,1046,849,0.0,21,21,0
70154,1046,8,4.0,16,16,0
70155,1046,847,3.0,18,18,0
70158,1046,840,74.0,10,10,0
70159,1046,817,112.0,5,5,0
70160,1046,830,189.0,3,3,1
70206,1047,830,214.0,3,3,2
70205,1047,817,119.0,5,5,0
70201,1047,847,3.0,18,18,0
70196,1047,20,33.0,13,13,0
70194,1047,839,62.0,12,12,0
70192,1047,815,125.0,4,4,1
70190,1047,1,347.0,1,1,11
70191,1047,832,105.0,6,6,0
70193,1047,842,75.0,10,10,1
70195,1047,841,4.0,17,17,0
70204,1047,840,75.0,11,11,0
70189,1047,846,97.0,9,9,0
70200,1047,8,4.0,16,16,0
70197,1047,849,0.0,21,21,0
70188,1047,844,98.0,8,8,0
70187,1047,822,223.0,2,2,2
70718,1051,9,0.0,20,20,0
70717,1051,853,0.0,21,21,0
70716,1051,4,77.0,10,10,0
70715,1051,849,7.0,17,17,0
70714,1051,842,92.0,9,9,0
70713,1051,854,0.0,19,19,0
70712,1051,20,43.0,12,12,0
70711,1051,847,16.0,15,15,0
70710,1051,839,60.0,11,11,1
70709,1051,841,1.0,18,18,0
70708,1051,8,10.0,16,16,0
70707,1051,840,34.0,13,13,0
70706,1051,852,20.0,14,14,0
70705,1051,832,145.5,7,7,0
70704,1051,817,105.0,8,8,1
70703,1051,844,152.0,6,6,0
70702,1051,815,190.0,4,4,1
70701,1051,846,153.0,5,5,0
70700,1051,822,203.0,3,3,1
70699,1051,830,351.5,1,1,9
70698,1051,1,343.5,2,2,7
70231,1052,1,25.0,1,1,1
70232,1052,830,18.0,2,2,0
70233,1052,822,16.0,3,3,0
70234,1052,846,12.0,4,4,0
70235,1052,815,10.0,5,5,0
70236,1052,844,8.0,6,6,0
70237,1052,817,6.0,7,7,0
70238,1052,832,4.0,8,8,0
70239,1052,852,2.0,9,9,0
70240,1052,840,1.0,10,10,0
70241,1052,8,0.0,11,11,0
70242,1052,841,0.0,12,12,0
70243,1052,839,0.0,13,13,0
70244,1052,847,0.0,14,14,0
70245,1052,20,0.0,15,15,0
70246,1052,854,0.0,16,16,0
70247,1052,842,0.0,17,17,0
70248,1052,849,0.0,18,18,0
70249,1052,4,0.0,19,19,0
70250,1052,853,0.0,20,20,0
70300,1053,840,5.0,10,10,0
70295,1053,815,10.0,8,8,0
70310,1053,853,0.0,19,19,0
70309,1053,4,1.0,13,13,0
70308,1053,849,0.0,20,20,0
70307,1053,842,6.0,9,9,0
70298,1053,832,14.0,6,6,0
70296,1053,844,20.0,4,4,0
70292,1053,830,43.0,2,2,1
70305,1053,20,0.0,17,17,0
70304,1053,847,0.0,16,16,0
70306,1053,854,0.0,18,18,0
70303,1053,839,2.0,12,12,0
70302,1053,841,0.0,15,15,0
70301,1053,8,0.0,14,14,0
70299,1053,852,2.0,11,11,0
70297,1053,817,14.0,7,7,0
70294,1053,846,27.0,3,3,0
70293,1053,822,16.0,5,5,0
70291,1053,1,44.0,1,1,1
70311,1054,1,69.0,1,1,2
70312,1054,830,61.0,2,2,1
70313,1054,822,32.0,4,4,0
70314,1054,846,37.0,3,3,0
70315,1054,815,22.0,6,6,0
70316,1054,844,28.0,5,5,0
70317,1054,817,16.0,7,7,0
70318,1054,832,14.0,8,8,0
70319,1054,852,2.0,13,13,0
70320,1054,840,5.0,11,11,0
70321,1054,8,0.0,14,14,0
70322,1054,841,0.0,15,15,0
70323,1054,839,8.0,9,9,0
70324,1054,847,0.0,17,17,0
70325,1054,20,0.0,16,16,0
70326,1054,854,0.0,18,18,0
70327,1054,842,7.0,10,10,0
70328,1054,849,0.0,20,20,0
70329,1054,4,5.0,12,12,0
70330,1054,853,0.0,19,19,0
70331,1055,1,94.0,1,1,3
70332,1055,830,80.0,2,2,1
70333,1055,822,47.0,3,3,0
70334,1055,846,41.0,4,4,0
70335,1055,815,32.0,6,6,0
70336,1055,844,40.0,5,5,0
70337,1055,817,24.0,7,7,0
70338,1055,832,20.0,8,8,0
70339,1055,852,2.0,13,13,0
70340,1055,840,5.0,11,11,0
70341,1055,8,0.0,14,14,0
70342,1055,841,0.0,15,15,0
70343,1055,839,10.0,9,9,0
70344,1055,847,0.0,17,17,0
70345,1055,20,0.0,16,16,0
70346,1055,854,0.0,18,18,0
70347,1055,842,8.0,10,10,0
70348,1055,849,0.0,19,19,0
70349,1055,4,5.0,12,12,0
70350,1055,853,0.0,20,20,0
70351,1056,1,101.0,2,2,3
70352,1056,830,105.0,1,1,2
70353,1056,822,47.0,4,4,0
70354,1056,846,56.0,3,3,0
70355,1056,815,44.0,5,5,0
70356,1056,844,40.0,6,6,0
70357,1056,817,24.0,8,8,0
70358,1056,832,38.0,7,7,0
70359,1056,852,2.0,14,14,0
70360,1056,840,9.0,12,12,0
70361,1056,8,0.0,16,16,0
70362,1056,841,1.0,15,15,0
70363,1056,839,12.0,10,10,0
70364,1056,847,0.0,17,17,0
70365,1056,20,10.0,11,11,0
70366,1056,854,0.0,19,19,0
70367,1056,842,16.0,9,9,0
70368,1056,849,0.0,18,18,0
70369,1056,4,5.0,13,13,0
70370,1056,853,0.0,20,20,0
70371,1057,1,101.0,2,2,3
70372,1057,830,105.0,1,1,2
70373,1057,822,47.0,6,6,0
70374,1057,846,66.0,4,4,0
70375,1057,815,69.0,3,3,1
70376,1057,844,52.0,5,5,0
70377,1057,817,26.0,10,10,0
70378,1057,832,42.0,7,7,0
70379,1057,852,8.0,14,14,0
70380,1057,840,9.0,13,13,0
70381,1057,8,1.0,15,15,0
70382,1057,841,1.0,16,16,0
70383,1057,839,12.0,12,12,0
70384,1057,847,0.0,18,18,0
70385,1057,20,28.0,9,9,0
70386,1057,854,0.0,17,17,0
70387,1057,842,31.0,8,8,0
70388,1057,849,0.0,20,20,0
70389,1057,4,13.0,11,11,0
70390,1057,853,0.0,19,19,0
70391,1059,1,119.0,2,2,3
70392,1059,830,131.0,1,1,3
70393,1059,822,59.0,5,5,0
70394,1059,846,76.0,4,4,0
70395,1059,815,84.0,3,3,1
70396,1059,844,52.0,6,6,0
70397,1059,817,34.0,9,9,0
70398,1059,832,42.0,7,7,0
70399,1059,852,8.0,14,14,0
70400,1059,840,10.0,13,13,0
70401,1059,8,1.0,15,15,0
70402,1059,841,1.0,16,16,0
70403,1059,839,12.0,12,12,0
70404,1059,847,0.0,17,17,0
70405,1059,20,30.0,10,10,0
70406,1059,854,0.0,18,18,0
70407,1059,842,37.0,8,8,0
70408,1059,849,0.0,20,20,0
70409,1059,4,17.0,11,11,0
70410,1059,853,0.0,19,19,0
70411,1058,1,138.0,2,2,3
70412,1058,830,156.0,1,1,4
70413,1058,822,74.0,5,5,0
70414,1058,846,86.0,4,4,0
70415,1058,815,96.0,3,3,1
70416,1058,844,58.0,6,6,0
70417,1058,817,34.0,9,9,0
70418,1058,832,50.0,7,7,0
70419,1058,852,9.0,14,14,0
70420,1058,840,14.0,12,12,0
70421,1058,8,1.0,15,15,0
70422,1058,841,1.0,16,16,0
70423,1058,839,12.0,13,13,0
70424,1058,847,0.0,17,17,0
70425,1058,20,30.0,10,10,0
70426,1058,854,0.0,18,18,0
70427,1058,842,37.0,8,8,0
70428,1058,849,0.0,20,20,0
70429,1058,4,19.0,11,11,0
70430,1058,853,0.0,19,19,0
70468,1060,849,0.0,20,20,0
70467,1060,842,39.0,9,9,0
70465,1060,20,30.0,10,10,0
70464,1060,847,0.0,17,17,0
70461,1060,8,1.0,15,15,0
70458,1060,832,60.0,7,7,0
70456,1060,844,62.0,6,6,0
70455,1060,815,104.0,3,3,1
70454,1060,846,101.0,4,4,0
70452,1060,830,182.0,1,1,5
70470,1060,853,0.0,19,19,0
70469,1060,4,20.0,11,11,0
70466,1060,854,0.0,18,18,0
70453,1060,822,92.0,5,5,0
70460,1060,840,14.0,12,12,0
70463,1060,839,12.0,13,13,0
70462,1060,841,1.0,16,16,0
70459,1060,852,9.0,14,14,0
70457,1060,817,40.0,8,8,0
70451,1060,1,150.0,2,2,3
70471,1061,1,177.0,2,2,4
70472,1061,830,185.0,1,1,5
70473,1061,822,108.0,4,4,0
70474,1061,846,113.0,3,3,0
70475,1061,815,104.0,5,5,1
70476,1061,844,80.0,6,6,0
70477,1061,817,50.0,8,8,0
70478,1061,832,68.0,7,7,0
70479,1061,852,10.0,14,14,0
70480,1061,840,18.0,12,12,0
70481,1061,8,1.0,15,15,0
70482,1061,841,1.0,16,16,0
70483,1061,839,14.0,13,13,0
70484,1061,847,0.0,17,17,0
70485,1061,20,30.0,10,10,0
70486,1061,854,0.0,18,18,0
70487,1061,842,39.0,9,9,0
70488,1061,849,0.0,19,19,0
70489,1061,4,26.0,11,11,0
70490,1061,853,0.0,20,20,0
70528,1062,849,6.0,15,15,0
70527,1062,842,50.0,8,8,0
70525,1062,20,30.0,12,12,0
70524,1062,847,4.0,16,16,0
70523,1062,839,39.0,10,10,1
70521,1062,8,2.0,17,17,0
70520,1062,840,18.0,14,14,0
70517,1062,817,50.0,9,9,0
70515,1062,815,104.0,5,5,1
70513,1062,822,108.0,4,4,0
70530,1062,853,0.0,20,20,0
70529,1062,4,38.0,11,11,0
70526,1062,854,0.0,19,19,0
70519,1062,852,18.0,13,13,0
70516,1062,844,80.0,7,7,0
70512,1062,830,187.0,2,2,5
70514,1062,846,113.0,3,3,0
70522,1062,841,1.0,18,18,0
70518,1062,832,83.0,6,6,0
70511,1062,1,195.0,1,1,4
70531,1063,1,202.5,1,1,4
70532,1063,830,199.5,2,2,6
70533,1063,822,108.0,4,4,0
70534,1063,846,113.0,3,3,0
70535,1063,815,104.0,5,5,1
70536,1063,844,82.0,7,7,0
70537,1063,817,56.0,8,8,0
70538,1063,832,83.5,6,6,0
70539,1063,852,18.0,13,13,0
70540,1063,840,18.0,14,14,0
70541,1063,8,2.0,17,17,0
70542,1063,841,1.0,18,18,0
70543,1063,839,42.0,10,10,1
70544,1063,847,13.0,15,15,0
70545,1063,20,35.0,12,12,0
70546,1063,854,0.0,19,19,0
70547,1063,842,54.0,9,9,0
70548,1063,849,7.0,16,16,0
70549,1063,4,38.0,11,11,0
70550,1063,853,0.0,20,20,0
70551,1064,1,221.5,2,2,4
70552,1064,830,224.5,1,1,7
70553,1064,822,123.0,3,3,0
70554,1064,846,114.0,4,4,0
70555,1064,815,108.0,5,5,1
70556,1064,844,92.0,6,6,0
70557,1064,817,56.0,9,9,0
70558,1064,832,89.5,7,7,0
70559,1064,852,18.0,13,13,0
70560,1064,840,18.0,14,14,0
70561,1064,8,2.0,17,17,0
70562,1064,841,1.0,18,18,0
70563,1064,839,44.0,11,11,1
70564,1064,847,13.0,15,15,0
70565,1064,20,35.0,12,12,0
70566,1064,854,0.0,19,19,0
70567,1064,842,66.0,8,8,0
70568,1064,849,7.0,16,16,0
70569,1064,4,46.0,10,10,0
70570,1064,853,0.0,20,20,0
70571,1064,9,0.0,21,21,0
70572,1065,1,221.5,2,2,4
70573,1065,830,226.5,1,1,7
70574,1065,822,141.0,3,3,0
70575,1065,846,132.0,4,4,0
70576,1065,815,118.0,5,5,1
70577,1065,844,104.0,6,6,0
70578,1065,817,83.0,8,8,1
70579,1065,832,97.5,7,7,0
70580,1065,852,18.0,14,14,0
70581,1065,840,24.0,13,13,0
70582,1065,8,2.0,17,17,0
70583,1065,841,1.0,18,18,0
70584,1065,839,45.0,11,11,1
70585,1065,847,15.0,15,15,0
70586,1065,20,35.0,12,12,0
70587,1065,854,0.0,19,19,0
70588,1065,842,66.0,9,9,0
70589,1065,849,7.0,16,16,0
70590,1065,4,50.0,10,10,0
70591,1065,853,0.0,21,21,0
70592,1065,9,0.0,20,20,0
70593,1066,1,246.5,1,1,5
70594,1066,830,244.5,2,2,7
70595,1066,822,151.0,3,3,0
70596,1066,846,139.0,4,4,0
70597,1066,815,120.0,5,5,1
70598,1066,844,104.0,7,7,0
70599,1066,817,95.0,8,8,1
70600,1066,832,112.5,6,6,0
70601,1066,852,18.0,14,14,0
70602,1066,840,24.0,13,13,0
70603,1066,8,6.0,17,17,0
70604,1066,841,1.0,18,18,0
70605,1066,839,45.0,11,11,1
70606,1066,847,16.0,15,15,0
70607,1066,20,35.0,12,12,0
70608,1066,854,0.0,19,19,0
70609,1066,842,66.0,9,9,0
70610,1066,849,7.0,16,16,0
70611,1066,4,58.0,10,10,0
70612,1066,853,0.0,21,21,0
70613,1066,9,0.0,20,20,0
70614,1067,1,256.5,2,2,5
70615,1067,830,262.5,1,1,7
70616,1067,822,177.0,3,3,1
70617,1067,846,145.0,4,4,0
70618,1067,815,135.0,5,5,1
70619,1067,844,116.0,7,7,0
70620,1067,817,95.0,8,8,1
70621,1067,832,116.5,6,6,0
70622,1067,852,18.0,14,14,0
70623,1067,840,26.0,13,13,0
70624,1067,8,6.0,17,17,0
70625,1067,841,1.0,18,18,0
70626,1067,839,46.0,11,11,1
70627,1067,847,16.0,15,15,0
70628,1067,20,35.0,12,12,0
70629,1067,854,0.0,19,19,0
70630,1067,842,74.0,9,9,0
70631,1067,849,7.0,16,16,0
70632,1067,4,58.0,10,10,0
70633,1067,853,0.0,21,21,0
70634,1067,9,0.0,20,20,0
70635,1069,1,275.5,2,2,5
70636,1069,830,287.5,1,1,8
70637,1069,822,185.0,3,3,1
70638,1069,846,149.0,5,5,0
70639,1069,815,150.0,4,4,1
70640,1069,844,128.0,6,6,0
70641,1069,817,105.0,8,8,1
70642,1069,832,122.5,7,7,0
70643,1069,852,20.0,14,14,0
70644,1069,840,26.0,13,13,0
70645,1069,8,6.0,17,17,0
70646,1069,841,1.0,18,18,0
70647,1069,839,46.0,11,11,1
70648,1069,847,16.0,15,15,0
70649,1069,20,36.0,12,12,0
70650,1069,854,0.0,19,19,0
70651,1069,842,74.0,9,9,0
70652,1069,849,7.0,16,16,0
70653,1069,4,58.0,10,10,0
70654,1069,853,0.0,21,21,0
70655,1069,9,0.0,20,20,0
70656,1070,1,293.5,2,2,5
70657,1070,830,312.5,1,1,9
70658,1070,822,185.0,3,3,1
70659,1070,846,150.0,5,5,0
70660,1070,815,165.0,4,4,1
70661,1070,844,138.0,6,6,0
70662,1070,817,105.0,8,8,1
70663,1070,832,130.5,7,7,0
70664,1070,852,20.0,14,14,0
70665,1070,840,26.0,13,13,0
70666,1070,8,10.0,16,16,0
70667,1070,841,1.0,18,18,0
70668,1070,839,46.0,11,11,1
70669,1070,847,16.0,15,15,0
70670,1070,20,42.0,12,12,0
70671,1070,854,0.0,19,19,0
70672,1070,842,86.0,9,9,0
70673,1070,849,7.0,17,17,0
70674,1070,4,60.0,10,10,0
70675,1070,853,0.0,21,21,0
70676,1070,9,0.0,20,20,0
70677,1071,1,318.5,2,2,6
70678,1071,830,332.5,1,1,9
70679,1071,822,203.0,3,3,1
70680,1071,846,151.0,5,5,0
70681,1071,815,178.0,4,4,1
70682,1071,844,148.0,6,6,0
70683,1071,817,105.0,8,8,1
70684,1071,832,139.5,7,7,0
70685,1071,852,20.0,14,14,0
70686,1071,840,26.0,13,13,0
70687,1071,8,10.0,16,16,0
70688,1071,841,1.0,18,18,0
70689,1071,839,50.0,11,11,1
70690,1071,847,16.0,15,15,0
70691,1071,20,42.0,12,12,0
70692,1071,854,0.0,19,19,0
70693,1071,842,92.0,9,9,0
70694,1071,849,7.0,17,17,0
70695,1071,4,62.0,10,10,0
70696,1071,853,0.0,21,21,0
70697,1071,9,0.0,20,20,0
70719,1072,1,369.5,2,2,8
70720,1072,830,369.5,1,1,9
70721,1072,822,218.0,3,3,1
70722,1072,846,154.0,6,6,0
70723,1072,815,190.0,4,4,1
70724,1072,844,158.0,5,5,0
70725,1072,817,115.0,8,8,1
70726,1072,832,149.5,7,7,0
70727,1072,852,20.0,14,14,0
70728,1072,840,34.0,13,13,0
70729,1072,8,10.0,16,16,0
70730,1072,841,3.0,18,18,0
70731,1072,839,72.0,11,11,1
70732,1072,847,16.0,15,15,0
70733,1072,20,43.0,12,12,0
70734,1072,854,0.0,19,19,0
70735,1072,842,100.0,9,9,0
70736,1072,849,7.0,17,17,0
70737,1072,4,77.0,10,10,0
70738,1072,853,0.0,21,21,0
70739,1072,9,0.0,20,20,0
70740,1073,1,387.5,2,2,8
70741,1073,830,395.5,1,1,10
70742,1073,822,226.0,3,3,1
70743,1073,846,160.0,6,6,0
70744,1073,815,190.0,4,4,1
70745,1073,844,159.0,7,7,0
70746,1073,817,115.0,8,8,1
70747,1073,832,164.5,5,5,0
70748,1073,852,32.0,14,14,0
70749,1073,840,34.0,13,13,0
70750,1073,8,10.0,16,16,0
70751,1073,841,3.0,18,18,0
70752,1073,839,74.0,11,11,1
70753,1073,847,16.0,15,15,0
70754,1073,20,43.0,12,12,0
70755,1073,854,0.0,19,19,0
70756,1073,842,110.0,9,9,0
70757,1073,849,7.0,17,17,0
70758,1073,4,81.0,10,10,0
70759,1073,853,0.0,21,21,0
70760,1073,9,0.0,20,20,0
70762,1074,4,0.0,2,-,0
70763,1074,822,0.0,3,-,0
70764,1074,842,0.0,4,-,0
70765,1074,1,0.0,5,-,0
70766,1074,849,0.0,6,-,0
70767,1074,844,0.0,7,-,0
70768,1074,853,0.0,8,-,0
70769,1074,846,0.0,9,-,0
70770,1074,839,0.0,10,-,0
70771,1074,815,0.0,11,-,0
70772,1074,817,0.0,12,-,0
70773,1074,847,0.0,13,-,0
70774,1074,832,0.0,14,-,0
70775,1074,854,0.0,15,-,0
70776,1074,840,0.0,16,-,0
70777,1074,852,0.0,17,-,0
70778,1074,830,0.0,18,-,0
70779,1074,20,0.0,19,-,0
